Insurance Type,Zip code,First name,Last name,Date of birth,Gender,Address,City,State,Auto insurance coverage?,Property Type,# units,# unrelated roommates,roommate names,# property losses in last 3 years,Phone number,Email address,Fire Sprinkler System?,Central Fire & Burglar Alarm?,Local Fire / Smoke Alarm?,Home Security?,Non Smoking Household?,Local Burglar Alarm?,Unusual hazards?,Dogs that bite?,Run a business from home?,Start date,Personal property worth,Loss of use,Medical payments,Personal liability,Farmers Identity Protection,Deductible
Renters,95112,Natalie,Gallagher,03/27/1994,m,101 E San Fernando St 100,San Jose,CA,N,RENTED HOUSE - SINGLE FAMILY,2 to 4,0,,0,(415) 284-9080,savannah.silva@aol.com,N,N,N,N,Y,N,NONE,N,N,Keep default.,50000,Keep default,1000,100000,N,2500
Renters,95136,Fynn,Pearson,03/03/1993,m,3601 Copperfield Dr,San Jose,CA,N,RENTED HOUSE - SINGLE FAMILY,2 to 4,0,,0,(877) 713-3968,william.palmer@gmail.com,N,N,N,N,Y,N,NONE,N,N,Keep default.,50000,Keep default,1000,500000,N,1500
Renters,94041,Zachery,Murphy,06/06/1994,m,151 Calderon Ave,Mountain View,CA,N,RENTED HOUSE - SINGLE FAMILY,2 to 4,0,,0,(707) 538-1516,william.palmer@gmail.com,N,N,N,N,Y,N,NONE,N,N,Keep default.,60000,Keep default,2000,100000,N,100
Renters,95030,Madelyn,Myers,04/05/1994,m,347 Massol Ave,Los Gatos,CA,N,RENTED HOUSE - SINGLE FAMILY,2 to 4,0,,0,(650) 341-6700,lilly.hayes@aol.com,N,N,N,N,Y,N,NONE,N,N,Keep default.,60000,Keep default,2000,100000,N,250
Renters,95126,Ava,Chavez,03/08/1994,m,754 The Alameda,San Jose,CA,N,RENTED HOUSE - SINGLE FAMILY,2 to 4,0,,0,(415) 701-8366,alexandra.guerrero@aol.com,N,N,N,N,Y,N,NONE,N,N,Keep default.,60000,Keep default,2000,300000,N,750
Renters,95030,Connor,Gonzales,04/05/1994,f,10 Jackson St 107,Los Gatos,CA,N,RENTED HOUSE - SINGLE FAMILY,2 to 4,0,,0,(415) 981-5780,ian.schwartz@aol.com,N,N,N,N,Y,N,NONE,N,N,Keep default.,60000,Keep default,2000,300000,N,1500
Renters,94304,Reese,Farmer,07/31/1993,f,1600 Sand Hill Rd,Palo Alto,CA,N,RENTED HOUSE - SINGLE FAMILY,2 to 4,0,,0,(408) 227-3700,alexandra.guerrero@aol.com,N,N,N,N,Y,N,NONE,N,N,Keep default.,60000,Keep default,2000,500000,N,100 / 250
Renters,95126,Zachery,Lee,07/31/1993,m,1300 The Alameda,San Jose,CA,N,RENTED HOUSE - SINGLE FAMILY,2 to 4,0,,0,(415) 673-7545,alexandra.guerrero@aol.com,N,N,N,N,Y,N,NONE,N,N,Keep default.,70000,Keep default,1000,100000,N,1500
Renters,95125,Amelia,Guzman,04/05/1994,f,2118 Canoas Garden Ave,San Jose,CA,N,RENTED HOUSE - SINGLE FAMILY,2 to 4,0,,0,(415) 403-2247,elias.cain@outlook.com,N,N,N,N,Y,N,NONE,N,N,Keep default.,70000,Keep default,1000,300000,N,100
Renters,95136,Grayson,Snyder,11/12/1994,f,3601 Copperfield Dr,San Jose,CA,N,RENTED HOUSE - SINGLE FAMILY,2 to 4,0,,0,(650) 755-3872,lilly.hayes@aol.com,N,N,N,N,Y,N,NONE,N,N,Keep default.,70000,Keep default,1000,300000,N,1000
Renters,95020,Leah,Mullins,11/12/1994,m,7397 Monterey St,Gilroy,CA,N,RENTED HOUSE - SINGLE FAMILY,2 to 4,0,,0,(408) 378-7188,lilly.hayes@aol.com,N,N,N,N,Y,N,NONE,N,N,Keep default.,70000,Keep default,1000,300000,N,2500
Renters,94304,Abigail,Lawrence,12/1/1993,f,700 Clark Way,Palo Alto,CA,N,RENTED HOUSE - SINGLE FAMILY,2 to 4,0,,0,(877) 713-4583,lilly.hayes@aol.com,N,N,N,N,Y,N,NONE,N,N,Keep default.,70000,Keep default,1000,500000,N,100
Renters,95035,Sophie,Chapman,07/31/1993,f,440 Dixon Landing Rd,Milpitas,CA,N,RENTED HOUSE - SINGLE FAMILY,2 to 4,0,,0,(707) 762-5126,ana.webster@gmail.com,N,N,N,N,Y,N,NONE,N,N,Keep default.,70000,Keep default,1000,500000,N,1500
Renters,95134,Lincoln,Davenport,04/05/1994,m,150 Alicante Dr,San Jose,CA,N,RENTED HOUSE - SINGLE FAMILY,2 to 4,0,,0,(866) 932-5588,ana.webster@gmail.com,N,N,N,N,Y,N,NONE,N,N,Keep default.,70000,Keep default,2000,100000,N,100
Renters,95051,Michael,Singh,03/08/1994,f,101 Saratoga Ave,Santa Clara,CA,N,RENTED HOUSE - SINGLE FAMILY,2 to 4,0,,0,(415) 354-4506,adrian.gilbert@outlook.com,N,N,N,N,Y,N,NONE,N,N,Keep default.,70000,Keep default,2000,100000,N,1000
Renters,95126,August,Schmidt,03/27/1994,f,2050 Southwest Expy 126,San Jose,CA,N,RENTED HOUSE - SINGLE FAMILY,2 to 4,0,,0,(408) 244-0900,eden.chen@outlook.com,N,N,N,N,Y,N,NONE,N,N,Keep default.,70000,Keep default,2000,100000,N,1500
Renters,95020,Griffin,Lee,07/31/1993,m,500 Ioof Ave,Gilroy,CA,N,RENTED HOUSE - SINGLE FAMILY,2 to 4,0,,0,(844) 325-4744,lilly.hayes@aol.com,N,N,N,N,Y,N,NONE,N,N,Keep default.,70000,Keep default,2000,100000,N,2500
Renters,95125,Emmett,Meyers,12/1/1993,f,1776 Almaden Rd,San Jose,CA,N,RENTED HOUSE - SINGLE FAMILY,2 to 4,0,,0,(619) 561-2320,lilly.hayes@aol.com,N,N,N,N,Y,N,NONE,N,N,Keep default.,70000,Keep default,2000,100000,N,5000
Renters,95126,Ruby,Chapman,03/27/1994,f,1201 Parkmoor Ave,San Jose,CA,N,RENTED HOUSE - SINGLE FAMILY,2 to 4,0,,0,(650) 557-4116,savannah.silva@aol.com,N,N,N,N,Y,N,NONE,N,N,Keep default.,70000,Keep default,2000,300000,N,750
Renters,95134,Victoria,Shelton,02/04/1994,f,4343 Renaissance Dr,San Jose,CA,N,RENTED HOUSE - SINGLE FAMILY,2 to 4,0,,0,(408) 600-1431,adrian.gilbert@outlook.com,N,N,N,N,Y,N,NONE,N,N,Keep default.,70000,Keep default,2000,300000,N,1500
Renters,95136,Evangeline,Rivera,05/06/1994,f,3601 Copperfield Dr,San Jose,CA,N,RENTED HOUSE - SINGLE FAMILY,2 to 4,0,,0,(415) 492-2180,adrian.gilbert@outlook.com,N,N,N,N,Y,N,NONE,N,N,Keep default.,70000,Keep default,2000,300000,N,2500
Renters,94087,Elijah,Serrano,11/18/1993,f,575 E Remington Dr,Sunnyvale,CA,N,RENTED HOUSE - SINGLE FAMILY,2 to 4,0,,0,(619) 463-5393,lilly.hayes@aol.com,N,N,N,N,Y,N,NONE,N,N,Keep default.,70000,Keep default,2000,300000,N,5000
Renters,95008,Victoria,Black,11/18/1993,m,2275 S Bascom Ave,Campbell,CA,N,RENTED HOUSE - SINGLE FAMILY,2 to 4,0,,0,(858) 530-2100,eden.chen@outlook.com,N,N,N,N,Y,N,NONE,N,N,Keep default.,70000,Keep default,2000,500000,N,1500
Renters,95112,Silas,Acosta,11/18/1993,m,1700 N 1st St,San Jose,CA,N,RENTED HOUSE - SINGLE FAMILY,2 to 4,0,,0,(858) 693-1175,savannah.silva@aol.com,N,N,N,N,Y,N,NONE,N,N,Keep default.,70000,Keep default,2000,500000,N,2500
Renters,94043,Holden,Ramirez,03/08/1994,f,555 W Middlefield Rd,Mountain View,CA,N,RENTED HOUSE - SINGLE FAMILY,2 to 4,0,,0,(415) 978-9619,adrian.gilbert@outlook.com,N,N,N,N,Y,N,NONE,N,N,Keep default.,70000,Keep default,2000,500000,N,5000
Renters,95054,William,Mueller,06/06/1994,f,550 Moreland Way,Santa Clara,CA,N,RENTED HOUSE - SINGLE FAMILY,2 to 4,0,,0,(408) 664-2724,elias.cain@outlook.com,N,N,N,N,Y,N,NONE,N,N,Keep default.,80000,Keep default,1000,100000,N,100 / 250
Renters,95113,Nora,Alvarado,11/12/1994,m,360 S Market St,San Jose,CA,N,RENTED HOUSE - SINGLE FAMILY,2 to 4,0,,0,(707) 544-1400,lilly.hayes@aol.com,N,N,N,N,Y,N,NONE,N,N,Keep default.,80000,Keep default,1000,100000,N,500
Renters,95054,Sofie,Reed,04/05/1994,f,1500 Vista Club Cir,Santa Clara,CA,N,RENTED HOUSE - SINGLE FAMILY,2 to 4,0,,0,(831) 384-7159,elias.cain@outlook.com,N,N,N,N,Y,N,NONE,N,N,Keep default.,80000,Keep default,1000,100000,N,750
Renters,95050,Lorelei,Berry,04/05/1994,m,2200 Monroe St,Santa Clara,CA,N,RENTED HOUSE - SINGLE FAMILY,2 to 4,0,,0,(415) 491-1125,lilly.hayes@aol.com,N,N,N,N,Y,N,NONE,N,N,Keep default.,80000,Keep default,1000,100000,N,2500
Renters,95050,Zachery,Adkins,05/06/1994,f,1599 Warburton Ave,Santa Clara,CA,N,RENTED HOUSE - SINGLE FAMILY,2 to 4,0,,0,(415) 223-0828,eden.chen@outlook.com,N,N,N,N,Y,N,NONE,N,N,Keep default.,80000,Keep default,1000,300000,N,100
Renters,94301,Sophie,Malone,11/18/1993,m,459 Hamilton Ave,Palo Alto,CA,N,RENTED HOUSE - SINGLE FAMILY,2 to 4,0,,0,(415) 513-0086,savannah.silva@aol.com,N,N,N,N,Y,N,NONE,N,N,Keep default.,80000,Keep default,1000,300000,N,500
Renters,95127,Greyson,Stevens,06/06/1994,m,2601 Nuestra Castillo Ct,San Jose,CA,N,RENTED HOUSE - SINGLE FAMILY,2 to 4,0,,0,(408) 732-9450,adrian.gilbert@outlook.com,N,N,N,N,Y,N,NONE,N,N,Keep default.,80000,Keep default,1000,500000,N,250
Renters,94043,Conner,Barnes,12/1/1993,f,100 N Whisman Rd,Mountain View,CA,N,RENTED HOUSE - SINGLE FAMILY,2 to 4,0,,0,(415) 359-1333,alexandra.guerrero@aol.com,N,N,N,N,Y,N,NONE,N,N,Keep default.,80000,Keep default,1000,500000,N,1000
Renters,94086,Arabella,Wong,02/04/1994,m,243 Buena Vista Ave,Sunnyvale,CA,N,RENTED HOUSE - SINGLE FAMILY,2 to 4,0,,0,(415) 924-1196,ian.schwartz@aol.com,N,N,N,N,Y,N,NONE,N,N,Keep default.,80000,Keep default,1000,500000,N,2500
Renters,94086,Quinn,Monroe,11/12/1994,m,655 S Fair Oaks Ave,Sunnyvale,CA,N,RENTED HOUSE - SINGLE FAMILY,2 to 4,0,,0,(760) 434-6161,savannah.silva@aol.com,N,N,N,N,Y,N,NONE,N,N,Keep default.,80000,Keep default,2000,100000,N,250
Renters,94086,Clare,Wang,02/04/1994,f,732 E Evelyn Ave,Sunnyvale,CA,N,RENTED HOUSE - SINGLE FAMILY,2 to 4,0,,0,(888) 270-6855,elias.cain@outlook.com,N,N,N,N,Y,N,NONE,N,N,Keep default.,80000,Keep default,2000,100000,N,750
Renters,95136,Rosalie,Munoz,02/04/1994,f,4300 The Woods Dr,San Jose,CA,N,RENTED HOUSE - SINGLE FAMILY,2 to 4,0,,0,(888) 270-6855,elias.cain@outlook.com,N,N,N,N,Y,N,NONE,N,N,Keep default.,80000,Keep default,2000,100000,N,1500
Renters,94043,Autumn,Rowe,05/06/1994,f,100 N Whisman Rd,Mountain View,CA,N,RENTED HOUSE - SINGLE FAMILY,2 to 4,0,,0,(408) 971-9397,eden.chen@outlook.com,N,N,N,N,Y,N,NONE,N,N,Keep default.,80000,Keep default,2000,300000,N,100 / 250
Renters,95051,Charlotte,Bradley,02/04/1994,m,1901 Halford Ave,Santa Clara,CA,N,RENTED HOUSE - SINGLE FAMILY,2 to 4,0,,0,(510) 582-5240,adrian.gilbert@outlook.com,N,N,N,N,Y,N,NONE,N,N,Keep default.,80000,Keep default,2000,300000,N,250
Renters,94043,Brielle,Saunders,04/05/1994,m,505 Central Ave,Mountain View,CA,N,RENTED HOUSE - SINGLE FAMILY,2 to 4,0,,0,(415) 688-2085,eden.chen@outlook.com,N,N,N,N,Y,N,NONE,N,N,Keep default.,80000,Keep default,2000,300000,N,1000
Renters,95134,Kaleb,Mason,02/04/1994,m,150 Alicante Dr,San Jose,CA,N,RENTED HOUSE - SINGLE FAMILY,2 to 4,0,,0,(408) 384-8887,lilly.hayes@aol.com,N,N,N,N,Y,N,NONE,N,N,Keep default.,80000,Keep default,2000,300000,N,1500
Renters,94086,Graham,Lyons,11/18/1993,m,718 Old San Francisco Rd,Sunnyvale,CA,N,RENTED HOUSE - SINGLE FAMILY,2 to 4,0,,0,(650) 557-4116,ian.schwartz@aol.com,N,N,N,N,Y,N,NONE,N,N,Keep default.,80000,Keep default,2000,300000,N,2500
Renters,95030,Dillan,Craig,05/06/1994,m,347 Massol Ave,Los Gatos,CA,N,RENTED HOUSE - SINGLE FAMILY,2 to 4,0,,0,(415) 334-1880,eden.chen@outlook.com,N,N,N,N,Y,N,NONE,N,N,Keep default.,80000,Keep default,2000,500000,N,100
Renters,95127,Audrey,Becker,12/1/1993,f,2601 Nuestra Castillo Ct,San Jose,CA,N,RENTED HOUSE - SINGLE FAMILY,2 to 4,0,,0,(510) 758-6874,scarlett.richard@gmail.com,N,N,N,N,Y,N,NONE,N,N,Keep default.,80000,Keep default,2000,500000,N,100 / 250
Renters,95129,Emmett,Holland,11/18/1993,f,355 Kiely Blvd,San Jose,CA,N,RENTED HOUSE - SINGLE FAMILY,2 to 4,0,,0,(888) 704-5204,eden.chen@outlook.com,N,N,N,N,Y,N,NONE,N,N,Keep default.,80000,Keep default,2000,500000,N,250
Renters,95126,Gavin,Lee,03/27/1994,f,1300 The Alameda,San Jose,CA,N,RENTED HOUSE - SINGLE FAMILY,2 to 4,0,,0,(415) 354-4501,alexandra.guerrero@aol.com,N,N,N,N,Y,N,NONE,N,N,Keep default.,90000,Keep default,1000,100000,N,100 / 250
Renters,94087,Archer,Lara,03/08/1994,m,1575 Tenaka Pl,Sunnyvale,CA,N,RENTED HOUSE - SINGLE FAMILY,2 to 4,0,,0,(858) 571-0104,elias.cain@outlook.com,N,N,N,N,Y,N,NONE,N,N,Keep default.,90000,Keep default,1000,100000,N,250
Renters,95136,Anabel,Wong,07/31/1993,m,4300 The Woods Dr,San Jose,CA,N,RENTED HOUSE - SINGLE FAMILY,2 to 4,0,,0,(707) 361-4060,savannah.silva@aol.com,N,N,N,N,Y,N,NONE,N,N,Keep default.,90000,Keep default,1000,100000,N,750
Renters,95112,Sophie,Watkins,06/06/1994,f,1700 N 1st St,San Jose,CA,N,RENTED HOUSE - SINGLE FAMILY,2 to 4,0,,0,(510) 758-6874,ana.webster@gmail.com,N,N,N,N,Y,N,NONE,N,N,Keep default.,90000,Keep default,1000,300000,N,100 / 250
Renters,95051,Felix,Daniel,03/27/1994,m,100 Buckingham Dr,Santa Clara,CA,N,RENTED HOUSE - SINGLE FAMILY,2 to 4,0,,0,(866) 575-9826,lilly.hayes@aol.com,N,N,N,N,Y,N,NONE,N,N,Keep default.,90000,Keep default,1000,300000,N,1500
Renters,95054,Rhys,Navarro,12/1/1993,f,730 Agnew Rd,Santa Clara,CA,N,RENTED HOUSE - SINGLE FAMILY,2 to 4,0,,0,(925) 735-3047,adrian.gilbert@outlook.com,N,N,N,N,Y,N,NONE,N,N,Keep default.,90000,Keep default,1000,300000,N,2500
Renters,95112,Adam,Wolf,06/06/1994,m,524 S 9th St,San Jose,CA,N,RENTED HOUSE - SINGLE FAMILY,2 to 4,0,,0,(619) 479-6565,ana.webster@gmail.com,N,N,N,N,Y,N,NONE,N,N,Keep default.,90000,Keep default,1000,500000,N,1000
Renters,95134,Khloe,Poole,11/18/1993,f,70 Descanso Dr,San Jose,CA,N,RENTED HOUSE - SINGLE FAMILY,2 to 4,0,,0,(707) 781-1993,alexandra.guerrero@aol.com,N,N,N,N,Y,N,NONE,N,N,Keep default.,90000,Keep default,2000,100000,N,1000
Renters,94041,Hudson,Beck,07/31/1993,m,1600 Villa St,Mountain View,CA,N,RENTED HOUSE - SINGLE FAMILY,2 to 4,0,,0,(408) 214-1685,ian.schwartz@aol.com,N,N,N,N,Y,N,NONE,N,N,Keep default.,90000,Keep default,2000,300000,N,100
Renters,94087,Lillian,Roth,05/06/1994,m,1032 W Remington Dr,Sunnyvale,CA,N,RENTED HOUSE - SINGLE FAMILY,2 to 4,0,,0,(707) 544-1400,alexandra.guerrero@aol.com,N,N,N,N,Y,N,NONE,N,N,Keep default.,90000,Keep default,2000,300000,N,2500
Renters,95126,Zachery,Stevens,03/03/1993,m,1300 The Alameda,San Jose,CA,N,RENTED HOUSE - SINGLE FAMILY,2 to 4,0,,0,(415) 647-6922,lilly.hayes@aol.com,N,N,N,N,Y,N,NONE,N,N,Keep default.,90000,Keep default,2000,500000,N,100 / 250
Renters,95138,William,Colon,04/05/1994,f,6100 Monterey Hwy,San Jose,CA,N,RENTED HOUSE - SINGLE FAMILY,2 to 4,0,,0,(650) 591-8906,adrian.gilbert@outlook.com,N,N,N,N,Y,N,NONE,N,N,Keep default.,90000,Keep default,2000,500000,N,500
Renters,95126,Isla,Warren,11/18/1993,m,850 Meridian Way,San Jose,CA,N,RENTED HOUSE - SINGLE FAMILY,2 to 4,0,,0,(415) 749-0101,elias.cain@outlook.com,N,N,N,N,Y,N,NONE,N,N,Keep default.,100000,Keep default,1000,100000,N,100
Renters,95125,Isabel,Boyd,11/18/1993,m,3200 Rubino Dr,San Jose,CA,N,RENTED HOUSE - SINGLE FAMILY,2 to 4,0,,0,(619) 216-8884,adrian.gilbert@outlook.com,N,N,N,N,Y,N,NONE,N,N,Keep default.,100000,Keep default,1000,100000,N,250
Renters,95125,Ava,Houston,04/05/1994,f,1776 Almaden Rd,San Jose,CA,N,RENTED HOUSE - SINGLE FAMILY,2 to 4,0,,0,(415) 354-4506,ana.webster@gmail.com,N,N,N,N,Y,N,NONE,N,N,Keep default.,100000,Keep default,1000,100000,N,500
Renters,95134,Aria,Christensen,02/04/1994,m,4343 Renaissance Dr,San Jose,CA,N,RENTED HOUSE - SINGLE FAMILY,2 to 4,0,,0,(707) 778-1221,eden.chen@outlook.com,N,N,N,N,Y,N,NONE,N,N,Keep default.,100000,Keep default,1000,100000,N,750
Renters,95113,Daphne,Russell,07/31/1993,m,360 S Market St,San Jose,CA,N,RENTED HOUSE - SINGLE FAMILY,2 to 4,0,,0,(760) 208-2785,scarlett.richard@gmail.com,N,N,N,N,Y,N,NONE,N,N,Keep default.,100000,Keep default,1000,300000,N,5000
Renters,94086,James,Brewer,12/1/1993,m,201 W California Ave,Sunnyvale,CA,N,RENTED HOUSE - SINGLE FAMILY,2 to 4,0,,0,(619) 670-6400,alexandra.guerrero@aol.com,N,N,N,N,Y,N,NONE,N,N,Keep default.,100000,Keep default,1000,500000,N,5000
Renters,95051,Ariana,Graham,11/18/1993,f,100 Buckingham Dr,Santa Clara,CA,N,RENTED HOUSE - SINGLE FAMILY,2 to 4,0,,0,(707) 778-1221,elias.cain@outlook.com,N,N,N,N,Y,N,NONE,N,N,Keep default.,100000,Keep default,2000,100000,N,750
Renters,95126,Scarlet,Peters,11/12/1994,m,1300 The Alameda,San Jose,CA,N,RENTED HOUSE - SINGLE FAMILY,2 to 4,0,,0,(415) 255-1100,elias.cain@outlook.com,N,N,N,N,Y,N,NONE,N,N,Keep default.,100000,Keep default,2000,100000,N,5000
Renters,95126,Scarlett,Hanson,03/27/1994,m,1201 Parkmoor Ave,San Jose,CA,N,RENTED HOUSE - SINGLE FAMILY,2 to 4,0,,0,(866) 678-3468,ana.webster@gmail.com,N,N,N,N,Y,N,NONE,N,N,Keep default.,100000,Keep default,2000,300000,N,250
Renters,95050,Aria,Bass,02/04/1994,m,431 El Camino Real,Santa Clara,CA,N,RENTED HOUSE - SINGLE FAMILY,2 to 4,0,,0,(415) 749-0101,ana.webster@gmail.com,N,N,N,N,Y,N,NONE,N,N,Keep default.,100000,Keep default,2000,300000,N,750
Renters,95134,Jude,Perkins,07/31/1993,f,70 Descanso Dr,San Jose,CA,N,RENTED HOUSE - SINGLE FAMILY,2 to 4,0,,0,(866) 849-2126,ian.schwartz@aol.com,N,N,N,N,Y,N,NONE,N,N,Keep default.,100000,Keep default,2000,300000,N,1000
Renters,94041,Benjamin,Cardenas,03/27/1994,f,1600 Villa St,Mountain View,CA,N,RENTED HOUSE - SINGLE FAMILY,2 to 4,0,,0,(408) 848-3474,scarlett.richard@gmail.com,N,N,N,N,Y,N,NONE,N,N,Keep default.,100000,Keep default,2000,300000,N,2500
Renters,95037,Harper,Walton,06/06/1994,f,16945 Del Monte Ave,Morgan Hill,CA,N,RENTED HOUSE - SINGLE FAMILY,2 to 4,0,,0,(888) 704-5204,ana.webster@gmail.com,N,N,N,N,Y,N,NONE,N,N,Keep default.,100000,Keep default,2000,500000,N,250
Renters,95035,Isabella,Summers,03/08/1994,f,555 S Park Victoria Dr,Milpitas,CA,N,RENTED HOUSE - SINGLE FAMILY,2 to 4,0,,0,(415) 345-1970,ana.webster@gmail.com,N,N,N,N,Y,N,NONE,N,N,Keep default.,100000,Keep default,2000,500000,N,1500
Renters,94087,Savanna,Summers,05/06/1994,m,575 E Remington Dr,Sunnyvale,CA,N,RENTED HOUSE - SINGLE FAMILY,5+,0,,0,(619) 583-8084,ana.webster@gmail.com,N,N,N,N,Y,N,NONE,N,N,Keep default.,4000,Keep default,1000,100000,N,250
Renters,94089,Addyson,Mendez,05/06/1994,f,1235 Wildwood Ave,Sunnyvale,CA,N,RENTED HOUSE - SINGLE FAMILY,5+,0,,0,(415) 255-1100,elias.cain@outlook.com,N,N,N,N,Y,N,NONE,N,N,Keep default.,4000,Keep default,1000,300000,N,100
Renters,95035,Elliott,Massey,03/08/1994,f,555 S Park Victoria Dr,Milpitas,CA,N,RENTED HOUSE - SINGLE FAMILY,5+,0,,0,(408) 298-9988,scarlett.richard@gmail.com,N,N,N,N,Y,N,NONE,N,N,Keep default.,4000,Keep default,1000,300000,N,250
Renters,95050,Gabriella,Cobb,06/06/1994,f,1599 Warburton Ave,Santa Clara,CA,N,RENTED HOUSE - SINGLE FAMILY,5+,0,,0,(415) 885-3333,elias.cain@outlook.com,N,N,N,N,Y,N,NONE,N,N,Keep default.,4000,Keep default,1000,300000,N,500
Renters,94089,Anabel,Greene,07/31/1993,f,1235 Wildwood Ave,Sunnyvale,CA,N,RENTED HOUSE - SINGLE FAMILY,5+,0,,0,(619) 595-7801,ana.webster@gmail.com,N,N,N,N,Y,N,NONE,N,N,Keep default.,4000,Keep default,1000,300000,N,1500
Renters,95126,Elijah,Burke,06/06/1994,f,1300 The Alameda,San Jose,CA,N,RENTED HOUSE - SINGLE FAMILY,5+,0,,0,(707) 559-9571,scarlett.richard@gmail.com,N,N,N,N,Y,N,NONE,N,N,Keep default.,4000,Keep default,1000,300000,N,5000
Renters,94043,Izabella,Bridges,07/31/1993,f,100 N Whisman Rd,Mountain View,CA,N,RENTED HOUSE - SINGLE FAMILY,5+,0,,0,(650) 321-1000,eden.chen@outlook.com,N,N,N,N,Y,N,NONE,N,N,Keep default.,4000,Keep default,1000,500000,N,1000
Renters,94086,Autumn,Parks,06/06/1994,f,201 W California Ave,Sunnyvale,CA,N,RENTED HOUSE - SINGLE FAMILY,5+,0,,0,(650) 352-3601,eden.chen@outlook.com,N,N,N,N,Y,N,NONE,N,N,Keep default.,4000,Keep default,1000,500000,N,1500
Renters,94086,Andrew,Bryan,03/08/1994,m,718 Old San Francisco Rd,Sunnyvale,CA,N,RENTED HOUSE - SINGLE FAMILY,5+,0,,0,(925) 284-2586,scarlett.richard@gmail.com,N,N,N,N,Y,N,NONE,N,N,Keep default.,4000,Keep default,2000,100000,N,100
Renters,94086,Lucie,Hartman,03/08/1994,m,732 E Evelyn Ave,Sunnyvale,CA,N,RENTED HOUSE - SINGLE FAMILY,5+,0,,0,(415) 749-0101,william.palmer@gmail.com,N,N,N,N,Y,N,NONE,N,N,Keep default.,4000,Keep default,2000,100000,N,500
Renters,95050,Colton,Greer,07/31/1993,m,1599 Warburton Ave,Santa Clara,CA,N,RENTED HOUSE - SINGLE FAMILY,5+,0,,0,(408) 245-6710,adrian.gilbert@outlook.com,N,N,N,N,Y,N,NONE,N,N,Keep default.,4000,Keep default,2000,300000,N,500
Renters,95054,Xander,Reid,11/12/1994,f,4500 Carlyle Ct,Santa Clara,CA,N,RENTED HOUSE - SINGLE FAMILY,5+,0,,0,(415) 673-1232,william.palmer@gmail.com,N,N,N,N,Y,N,NONE,N,N,Keep default.,4000,Keep default,2000,500000,N,250
Renters,95123,Finn,Tucker,04/05/1994,f,150 Palm Valley Blvd,San Jose,CA,N,RENTED HOUSE - SINGLE FAMILY,5+,0,,0,(888) 284-2778,ian.schwartz@aol.com,N,N,N,N,Y,N,NONE,N,N,Keep default.,4000,Keep default,2000,500000,N,750
Renters,95008,Hanna,Washington,11/12/1994,f,2275 S Bascom Ave,Campbell,CA,N,RENTED HOUSE - SINGLE FAMILY,5+,0,,0,(415) 230-1996,eden.chen@outlook.com,N,N,N,N,Y,N,NONE,N,N,Keep default.,4000,Keep default,2000,500000,N,1500
Renters,94043,Iris,Doyle,07/31/1993,m,555 W Middlefield Rd,Mountain View,CA,N,RENTED HOUSE - SINGLE FAMILY,5+,0,,0,(650) 854-3900,scarlett.richard@gmail.com,N,N,N,N,Y,N,NONE,N,N,Keep default.,4000,Keep default,2000,500000,N,5000
Renters,95134,Lukas,Wolfe,12/1/1993,f,345 Village Center Dr,San Jose,CA,N,RENTED HOUSE - SINGLE FAMILY,5+,0,,0,(650) 997-0670,alexandra.guerrero@aol.com,N,N,N,N,Y,N,NONE,N,N,Keep default.,8000,Keep default,1000,100000,N,100
Renters,95035,Dylan,Rowe,07/31/1993,m,755 E Capitol Ave,Milpitas,CA,N,RENTED HOUSE - SINGLE FAMILY,5+,0,,0,(858) 486-4834,adrian.gilbert@outlook.com,N,N,N,N,Y,N,NONE,N,N,Keep default.,8000,Keep default,1000,100000,N,500
Renters,94301,Levi,Bennett,11/18/1993,f,459 Hamilton Ave,Palo Alto,CA,N,RENTED HOUSE - SINGLE FAMILY,5+,0,,0,(415) 404-7453,alexandra.guerrero@aol.com,N,N,N,N,Y,N,NONE,N,N,Keep default.,8000,Keep default,1000,300000,N,100 / 250
Renters,95030,Aiden,Glover,04/05/1994,m,347 Massol Ave,Los Gatos,CA,N,RENTED HOUSE - SINGLE FAMILY,5+,0,,0,(415) 459-2900,adrian.gilbert@outlook.com,N,N,N,N,Y,N,NONE,N,N,Keep default.,8000,Keep default,1000,300000,N,250
Renters,95126,Clare,Vaughn,11/12/1994,m,950 Meridian Ave,San Jose,CA,N,RENTED HOUSE - SINGLE FAMILY,5+,0,,0,(619) 583-8084,lilly.hayes@aol.com,N,N,N,N,Y,N,NONE,N,N,Keep default.,8000,Keep default,1000,300000,N,1000
Renters,94043,Adalyn,Fischer,02/04/1994,m,505 Central Ave,Mountain View,CA,N,RENTED HOUSE - SINGLE FAMILY,5+,0,,0,(408) 647-5909,alexandra.guerrero@aol.com,N,N,N,N,Y,N,NONE,N,N,Keep default.,8000,Keep default,1000,500000,N,750
Renters,95123,Aidan,Mullins,04/05/1994,m,150 Palm Valley Blvd,San Jose,CA,N,RENTED HOUSE - SINGLE FAMILY,5+,0,,0,(408) 244-0900,alexandra.guerrero@aol.com,N,N,N,N,Y,N,NONE,N,N,Keep default.,8000,Keep default,2000,100000,N,2500
Renters,95020,Brielle,Boyd,04/05/1994,m,8200 Kern Ave,Gilroy,CA,N,RENTED HOUSE - SINGLE FAMILY,5+,0,,0,(925) 686-1761,william.palmer@gmail.com,N,N,N,N,Y,N,NONE,N,N,Keep default.,8000,Keep default,2000,300000,N,100
Renters,95054,Aaron,Wilkins,03/03/1993,m,4500 Carlyle Ct,Santa Clara,CA,N,RENTED HOUSE - SINGLE FAMILY,5+,0,,0,(408) 216-8947,eden.chen@outlook.com,N,N,N,N,Y,N,NONE,N,N,Keep default.,8000,Keep default,2000,300000,N,100 / 250
Renters,95014,Elise,Richards,03/27/1994,m,7375 Rollingdell Dr,Cupertino,CA,N,RENTED HOUSE - SINGLE FAMILY,5+,0,,0,(415) 403-2247,ian.schwartz@aol.com,N,N,N,N,Y,N,NONE,N,N,Keep default.,8000,Keep default,2000,300000,N,250
Renters,95008,Arya,Butler,07/31/1993,m,200 Hollis Ave,Campbell,CA,N,RENTED HOUSE - SINGLE FAMILY,5+,0,,0,(408) 496-6300,alexandra.guerrero@aol.com,N,N,N,N,Y,N,NONE,N,N,Keep default.,8000,Keep default,2000,300000,N,1000
Renters,94086,Lukas,Rice,11/18/1993,f,180 Pasito Terrace,Sunnyvale,CA,N,RENTED HOUSE - SINGLE FAMILY,5+,0,,0,(408) 779-8986,savannah.silva@aol.com,N,N,N,N,Y,N,NONE,N,N,Keep default.,8000,Keep default,2000,300000,N,1500
Renters,95051,Owen,Adams,12/1/1993,m,100 Buckingham Dr,Santa Clara,CA,N,RENTED HOUSE - SINGLE FAMILY,5+,0,,0,(408) 946-2955,ian.schwartz@aol.com,N,N,N,N,Y,N,NONE,N,N,Keep default.,8000,Keep default,2000,300000,N,2500
Renters,95008,Charles,Munoz,03/27/1994,m,1630 W Campbell Ave,Campbell,CA,N,RENTED HOUSE - SINGLE FAMILY,5+,0,,0,(415) 738-8121,scarlett.richard@gmail.com,N,N,N,N,Y,N,NONE,N,N,Keep default.,12000,Keep default,1000,100000,N,100 / 250
Renters,94086,Liam,Walters,05/06/1994,f,243 Buena Vista Ave,Sunnyvale,CA,N,RENTED HOUSE - SINGLE FAMILY,5+,0,,0,(415) 978-9619,lilly.hayes@aol.com,N,N,N,N,Y,N,NONE,N,N,Keep default.,12000,Keep default,1000,100000,N,1500
Renters,95136,Dillon,Lane,03/08/1994,m,3601 Copperfield Dr,San Jose,CA,N,RENTED HOUSE - SINGLE FAMILY,5+,0,,0,(510) 494-9500,ana.webster@gmail.com,N,N,N,N,Y,N,NONE,N,N,Keep default.,12000,Keep default,1000,300000,N,500
Renters,95123,Vivian,Norton,12/1/1993,m,150 Palm Valley Blvd,San Jose,CA,N,RENTED HOUSE - SINGLE FAMILY,5+,0,,0,(408) 354-7317,elias.cain@outlook.com,N,N,N,N,Y,N,NONE,N,N,Keep default.,12000,Keep default,1000,500000,N,100
Renters,95125,Lily,Bradley,06/06/1994,m,1776 Almaden Rd,San Jose,CA,N,RENTED HOUSE - SINGLE FAMILY,5+,0,,0,(415) 307-1871,adrian.gilbert@outlook.com,N,N,N,N,Y,N,NONE,N,N,Keep default.,12000,Keep default,1000,500000,N,250
Renters,95054,Kira,Spencer,06/06/1994,f,1500 Vista Club Cir,Santa Clara,CA,N,RENTED HOUSE - SINGLE FAMILY,5+,0,,0,(415) 921-1969,adrian.gilbert@outlook.com,N,N,N,N,Y,N,NONE,N,N,Keep default.,12000,Keep default,1000,500000,N,1000
Renters,94043,Adalyn,Leon,11/12/1994,f,505 Central Ave,Mountain View,CA,N,RENTED HOUSE - SINGLE FAMILY,5+,0,,0,(619) 270-5895,adrian.gilbert@outlook.com,N,N,N,N,Y,N,NONE,N,N,Keep default.,12000,Keep default,1000,500000,N,2500
Renters,95035,Reese,Peterson,11/18/1993,m,555 S Park Victoria Dr,Milpitas,CA,N,RENTED HOUSE - SINGLE FAMILY,5+,0,,0,(650) 265-2120,scarlett.richard@gmail.com,N,N,N,N,Y,N,NONE,N,N,Keep default.,12000,Keep default,2000,100000,N,5000
Renters,94041,Adrian,Vaughn,12/1/1993,m,1600 Villa St,Mountain View,CA,N,RENTED HOUSE - SINGLE FAMILY,5+,0,,0,(415) 864-7368,ana.webster@gmail.com,N,N,N,N,Y,N,NONE,N,N,Keep default.,12000,Keep default,2000,300000,N,100
Renters,95111,Bennett,Fowler,03/03/1993,m,2600 Corde Terra Cir,San Jose,CA,N,RENTED HOUSE - SINGLE FAMILY,5+,0,,0,(858) 666-2423,alexandra.guerrero@aol.com,N,N,N,N,Y,N,NONE,N,N,Keep default.,12000,Keep default,2000,300000,N,1500
Renters,94085,Lilah,Spencer,12/1/1993,f,1257 Lakeside Dr,Sunnyvale,CA,N,RENTED HOUSE - SINGLE FAMILY,5+,0,,0,(619) 463-5393,william.palmer@gmail.com,N,N,N,N,Y,N,NONE,N,N,Keep default.,12000,Keep default,2000,300000,N,2500
Renters,95134,Abigail,Hicks,12/1/1993,m,4343 Renaissance Dr,San Jose,CA,N,RENTED HOUSE - SINGLE FAMILY,5+,0,,0,(415) 440-1155,william.palmer@gmail.com,N,N,N,N,Y,N,NONE,N,N,Keep default.,12000,Keep default,2000,500000,N,500
Renters,95126,Dillon,Schwartz,07/31/1993,f,1300 The Alameda,San Jose,CA,N,RENTED HOUSE - SINGLE FAMILY,5+,0,,0,(415) 405-4600,william.palmer@gmail.com,N,N,N,N,Y,N,NONE,N,N,Keep default.,12000,Keep default,2000,500000,N,750
Renters,94085,Jacob,Summers,05/06/1994,f,330 N Mathilda Ave,Sunnyvale,CA,N,RENTED HOUSE - SINGLE FAMILY,5+,0,,0,(650) 345-5406,adrian.gilbert@outlook.com,N,N,N,N,Y,N,NONE,N,N,Keep default.,12000,Keep default,2000,500000,N,1500
Renters,95051,Aidan,Wade,11/18/1993,m,101 Saratoga Ave,Santa Clara,CA,N,RENTED HOUSE - SINGLE FAMILY,5+,0,,0,(650) 557-4116,adrian.gilbert@outlook.com,N,N,N,N,Y,N,NONE,N,N,Keep default.,16000,Keep default,1000,100000,N,100 / 250
Renters,95035,Evelyn,Roth,11/12/1994,f,755 E Capitol Ave,Milpitas,CA,N,RENTED HOUSE - SINGLE FAMILY,5+,0,,0,(858) 486-4834,alexandra.guerrero@aol.com,N,N,N,N,Y,N,NONE,N,N,Keep default.,16000,Keep default,1000,100000,N,500
Renters,95020,Addison,Walton,06/06/1994,f,8200 Kern Ave,Gilroy,CA,N,RENTED HOUSE - SINGLE FAMILY,5+,0,,0,(408) 384-8887,ana.webster@gmail.com,N,N,N,N,Y,N,NONE,N,N,Keep default.,16000,Keep default,1000,100000,N,750
Renters,95126,Ella,Osborne,03/08/1994,f,1201 Parkmoor Ave,San Jose,CA,N,RENTED HOUSE - SINGLE FAMILY,5+,0,,0,(510) 215-2850,eden.chen@outlook.com,N,N,N,N,Y,N,NONE,N,N,Keep default.,16000,Keep default,1000,100000,N,5000
Renters,95136,Natalie,Erickson,03/03/1993,m,3601 Copperfield Dr,San Jose,CA,N,RENTED HOUSE - SINGLE FAMILY,5+,0,,0,(408) 664-2724,eden.chen@outlook.com,N,N,N,N,Y,N,NONE,N,N,Keep default.,16000,Keep default,1000,300000,N,100 / 250
Renters,95112,Henry,Casey,12/1/1993,f,101 E San Fernando St 100,San Jose,CA,N,RENTED HOUSE - SINGLE FAMILY,5+,0,,0,(408) 246-1226,ian.schwartz@aol.com,N,N,N,N,Y,N,NONE,N,N,Keep default.,16000,Keep default,1000,300000,N,500
Renters,95037,Elias,Stevens,05/06/1994,m,15400 Vineyard Blvd,Morgan Hill,CA,N,RENTED HOUSE - SINGLE FAMILY,5+,0,,0,(415) 492-9660,scarlett.richard@gmail.com,N,N,N,N,Y,N,NONE,N,N,Keep default.,16000,Keep default,1000,300000,N,5000
