Insurance Type,Zip code,First name,Last name,Date of birth,Gender,Address,City,State,Auto insurance coverage?,Property Type,# units,# unrelated roommates,# property losses in last 3 years,Phone number,Email address,Fire Sprinkler System?,Central Fire & Burglar Alarm?,Local Fire / Smoke Alarm?,Home Security?,Non Smoking Household?,Local Burglar Alarm?,Unusual hazards?,Dogs that bite?,Run a business from home?,Start date,Personal property worth,Loss of use,Medical payments,Personal liability,Farmers Identity Protection,Deductible,Policy Price,Annual Policy Price,Agent Name,Agent Address,Agent Phone Number,Quote Number
Renters,94110,Gideon,Morgan,03/08/1990,m,3469 18th St,San Francisco,CA,N,RENTED HOUSE - SINGLE FAMILY,1,0,0,(408) 295-1360,katte@outlook.com,N,N,N,N,Y,N,NONE,N,N,Keep default.,4000,Keep default,1000,100000,N,100,$32.50,$390.02,Lawrence Di Giacomo,"San Francisco, CA",(415) 661-3880,#33249780
Renters,94109,Lea,Wheeler,11/12/1990,m,952 Sutter St,San Francisco,CA,N,RENTED HOUSE - SINGLE FAMILY,1,0,0,(619) 284-5285,katte@outlook.com,N,N,N,N,Y,N,NONE,N,N,Keep default.,4000,Keep default,1000,100000,N,100,$36.66,$439.88,Kip Fuller,"San Francisco, CA",(408) 579-9880,#53976737
Renters,94704,Carter,Hicks,12/1/1988,m,2020 Kittredge St,Berkeley,CA,N,RENTED HOUSE - SINGLE FAMILY,1,0,0,(650) 425-3914,katte@outlook.com,N,N,N,N,Y,N,NONE,N,N,Keep default.,4000,Keep default,1000,100000,N,100,$40.44,$485.31,David Owens,"Lancaster, CA",(661) 946-4224,#57693632
Renters,94117,Wyatt,Ochoa,03/27/1987,f,783 Buena Vista Ave W,San Francisco,CA,N,RENTED HOUSE - SINGLE FAMILY,1,0,0,(415) 981-5780,katte@outlook.com,N,N,N,N,Y,N,NONE,N,N,Keep default.,4000,Keep default,1000,100000,N,100,$36.66,$439.88,Eric Liu,"San Francisco, CA",(415) 668-9709,#76308214
Renters,94542,Vivienne,Harris,06/06/1986,m,25200 Carlos Bee Blvd,Hayward,CA,N,RENTED HOUSE - SINGLE FAMILY,1,0,0,(408) 502-5355,katte@outlook.com,N,N,N,N,Y,N,NONE,N,N,Keep default.,4000,Keep default,1000,100000,N,100,$27.70,$332.41,Gerry Costa,"San Diego, CA",(619) 298-7800,#08709034
Renters,94114,Ella,Pena,03/08/1990,f,3904 17th St,San Francisco,CA,N,RENTED HOUSE - SINGLE FAMILY,1,0,0,(650) 591-1143,katte@outlook.com,N,N,N,N,Y,N,NONE,N,N,Keep default.,4000,Keep default,1000,100000,N,100,$32.50,$390.02,Dennis Dellinges,"San Francisco, CA",(415) 585-2700,#11849773
Renters,94501,Amelia,Knight,07/31/1988,f,564 Central Ave,Alameda,CA,N,RENTED HOUSE - SINGLE FAMILY,1,0,0,(408) 216-8947,katte@outlook.com,N,N,N,N,Y,N,NONE,N,N,Keep default.,4000,Keep default,1000,100000,N,100,$27.70,$332.41,Jeffrey Schwalm,"Alameda, CA",(510) 388-2788,#09789773
Renters,94107,Evangeline,Jones,12/1/1988,m,3 Bayside Village Pl,San Francisco,CA,N,RENTED HOUSE - SINGLE FAMILY,1,0,0,(415) 861-3333,katte@outlook.com,N,N,N,N,Y,N,NONE,N,N,Keep default.,4000,Keep default,1000,100000,N,100,$32.50,$390.02,Aaron Thach,"San Francisco, CA",(415) 890-6033,#13626388
Renters,94803,Emily,Gross,03/03/1988,f,3535 El Portal Dr,El Sobrante,CA,N,RENTED HOUSE - SINGLE FAMILY,1,0,0,(650) 265-2120,katte@outlook.com,N,N,N,N,Y,N,NONE,N,N,Keep default.,4000,Keep default,1000,100000,N,100,$34.53,$414.40,Peter Montalvo,"Fremont, CA",(510) 796-2002,#66610161
Renters,94105,Conner,Guerra,07/31/1988,m,680 Mission St,San Francisco,CA,N,RENTED HOUSE - SINGLE FAMILY,1,0,0,(510) 865-2875,katte@outlook.com,N,N,N,N,Y,N,NONE,N,N,Keep default.,4000,Keep default,1000,100000,N,100,$32.50,$390.02,Michelle McWhorter,"Avila Beach, CA",(805) 595-2135,#79145679
Renters,94109,Milo,Rivas,04/05/1990,m,1100 Gough St,San Francisco,CA,N,RENTED HOUSE - SINGLE FAMILY,1,0,0,(415) 334-1880,katte@outlook.com,N,N,N,N,Y,N,NONE,N,N,Keep default.,4000,Keep default,1000,100000,N,100,$36.66,$439.88,Philippos Gratsinopoulos,"Burlingame, CA",(650) 288-5994,#83507990
Renters,94002,Joshua,Douglas,04/05/1990,f,2515 Carlmont Dr,Belmont,CA,N,RENTED HOUSE - SINGLE FAMILY,1,0,0,(415) 615-9200,katte@outlook.com,N,N,N,N,Y,N,NONE,N,N,Keep default.,4000,Keep default,1000,100000,N,100,$29.55,$354.56,Richard Jerkovich,"Belmont, CA",(650) 638-1797,#75208747
Renters,94103,Jackson,Cohen,03/03/1988,m,1188 Mission St,San Francisco,CA,N,RENTED HOUSE - SINGLE FAMILY,1,0,0,(619) 463-5393,katte@outlook.com,N,N,N,N,Y,N,NONE,N,N,Keep default.,4000,Keep default,1000,100000,N,100,$32.50,$390.02,Lien Tu,"San Francisco, CA",(415) 635-0993,#85963551
Renters,94545,Nora,Griffin,03/08/1990,f,25800 Industrial Blvd.,Hayward,CA,N,RENTED HOUSE - SINGLE FAMILY,1,0,0,(866) 451-2806,katte@outlook.com,N,N,N,N,Y,N,NONE,N,N,Keep default.,4000,Keep default,1000,100000,N,100,$27.70,$332.41,Elizabeth Banuelos,"Hayward, CA",(510) 581-8551,#98142342
Renters,94107,Lily,Craig,04/05/1990,f,1 St Francis Pl,San Francisco,CA,N,RENTED HOUSE - SINGLE FAMILY,1,0,0,(415) 491-1125,katte@outlook.com,N,N,N,N,Y,N,NONE,N,N,Keep default.,4000,Keep default,1000,100000,N,100,$32.50,$390.02,Ward Donnelly,"San Francisco, CA",(415) 333-3640,#42044586
Renters,94105,Archer,Shaffer,12/1/1988,f,388 Beale Street,San Francisco,CA,N,RENTED HOUSE - SINGLE FAMILY,1,0,0,(831) 373-1025,katte@outlook.com,N,N,N,N,Y,N,NONE,N,N,Keep default.,4000,Keep default,1000,100000,N,100,$32.50,$390.02,Eric Gee,"San Francisco, CA",(415) 635-0999,#36827520
Renters,94105,Mason,Pope,04/05/1990,f,88 Howard St,San Francisco,CA,N,RENTED HOUSE - SINGLE FAMILY,1,0,0,(858) 693-1175,katte@outlook.com,N,N,N,N,Y,N,NONE,N,N,Keep default.,4000,Keep default,1000,100000,N,100,$32.50,$390.02,Mike Wise,"San Rafael, CA",(415) 258-9912,#73514166
Renters,94105,Everly,Powers,03/08/1990,f,121 Spear St B18,San Francisco,CA,N,RENTED HOUSE - SINGLE FAMILY,1,0,0,(415) 615-9200,katte@outlook.com,N,N,N,N,Y,N,NONE,N,N,Keep default.,4000,Keep default,1000,100000,N,100,$32.50,$390.02,Igor Braginsky,"Walnut Creek, CA",(925) 286-6301,#39526407
Renters,94109,Cole,Mcguire,11/18/1989,f,1609 Franklin St,San Francisco,CA,N,RENTED HOUSE - SINGLE FAMILY,1,0,0,(866) 671-1752,katte@outlook.com,N,N,N,N,Y,N,NONE,N,N,Keep default.,4000,Keep default,1000,100000,N,100,$36.66,$439.88,Cindy Wong,"San Francisco, CA",(415) 387-8899,#18834214
Renters,94109,James,Paul,03/08/1990,m,1388 Sutter St 11,San Francisco,CA,N,RENTED HOUSE - SINGLE FAMILY,1,0,0,(877) 268-2574,katte@outlook.com,N,N,N,N,Y,N,NONE,N,N,Keep default.,4000,Keep default,1000,100000,N,100,$36.66,$439.88,Steven Tong,"San Francisco, CA",(415) 922-7122,#42786048
Renters,94103,Seth,Roth,07/31/1988,f,44 Gough St 202,San Francisco,CA,N,RENTED HOUSE - SINGLE FAMILY,1,0,0,(415) 924-1196,katte@outlook.com,N,N,N,N,Y,N,NONE,N,N,Keep default.,4000,Keep default,1000,100000,N,100,$32.50,$390.02,Ralph Bravo,"San Mateo, CA",(650) 931-8610,#65502511
Renters,94704,Kole,Holt,04/05/1990,f,2230 Durant Ave  103,Berkeley,CA,N,RENTED HOUSE - SINGLE FAMILY,1,0,0,(415) 552-9443,katte@outlook.com,N,N,N,N,Y,N,NONE,N,N,Keep default.,4000,Keep default,1000,100000,N,100,$40.44,$485.31,David Reidenbach,"Berkeley, CA",(510) 849-4909,#86872945
Renters,94596,Ella,Reese,11/12/1990,f,1200 Newell Hill Pl,Walnut Creek,CA,N,RENTED HOUSE - SINGLE FAMILY,1,0,0,(408) 733-2306,katte@outlook.com,N,N,N,N,Y,N,NONE,N,N,Keep default.,4000,Keep default,1000,100000,N,100,$34.53,$414.40,Dion Light,"San Diego, CA",(858) 643-9263,#51116254
Renters,94404,Matthew,Luna,03/03/1988,m,808 Comet Dr,Foster City,CA,N,RENTED HOUSE - SINGLE FAMILY,1,0,0,(707) 361-4060,katte@outlook.com,N,N,N,N,Y,N,NONE,N,N,Keep default.,4000,Keep default,1000,100000,N,100,$29.55,$354.56,Dennis Collins,"San Mateo, CA",(650) 342-6461,#36191582
Renters,94115,Dominick,Nelson,07/31/1988,f,1475 Fillmore St,San Francisco,CA,N,RENTED HOUSE - SINGLE FAMILY,1,0,0,(415) 861-9981,katte@outlook.com,N,N,N,N,Y,N,NONE,N,N,Keep default.,4000,Keep default,1000,100000,N,100,$36.66,$439.88,Toby Lee,"San Francisco, CA",(415) 922-7121,#74932939
Renters,94510,Joseph,Lara,03/03/1988,f,801 Southampton Rd,Benicia,CA,N,RENTED HOUSE - SINGLE FAMILY,1,0,0,(619) 610-0954,katte@outlook.com,N,N,N,N,Y,N,NONE,N,N,Keep default.,4000,Keep default,1000,100000,N,100,$30.47,$365.65,Jonathan Bogard,"Pleasant Hill, CA",(925) 332-5983,#17877387
Renters,94806,Jase,Serrano,11/18/1989,f,2490 Lancaster Dr,Richmond,CA,N,RENTED HOUSE - SINGLE FAMILY,1,0,0,(408) 866-1005,katte@outlook.com,N,N,N,N,Y,N,NONE,N,N,Keep default.,4000,Keep default,1000,100000,N,100,$30.84,$370.08,Matt Matayoshi,"Pinole, CA",(510) 741-8200,#33878256
Renters,94132,Leo,Simmons,11/18/1989,m,3711 19th Ave,San Francisco,CA,N,RENTED HOUSE - SINGLE FAMILY,1,0,0,(408) 502-5355,katte@outlook.com,N,N,N,N,Y,N,NONE,N,N,Keep default.,4000,Keep default,1000,100000,N,100,$36.66,$439.88,Tracy Kennedy,"Woodland Hills, CA",(818) 340-0274,#73080666
Renters,94102,Wyatt,Becker,03/08/1990,m,1 Polk St,San Francisco,CA,N,RENTED HOUSE - SINGLE FAMILY,1,0,0,(415) 474-5333,katte@outlook.com,N,N,N,N,Y,N,NONE,N,N,Keep default.,4000,Keep default,1000,100000,N,100,$36.66,$439.88,Anwer Siddiqui,"San Ramon, CA",(925) 830-2772,#90853113
Renters,94123,Rhys,Crawford,05/06/1989,f,1550 Bay St,San Francisco,CA,N,RENTED HOUSE - SINGLE FAMILY,1,0,0,(619) 284-5285,katte@outlook.com,N,N,N,N,Y,N,NONE,N,N,Keep default.,4000,Keep default,1000,100000,N,100,$36.66,$439.88,Samuel Tong,"San Francisco, CA",(415) 922-7122,#68238023
Renters,94109,Tessa,Long,03/03/1988,m,1560 Van Ness Ave,San Francisco,CA,N,RENTED HOUSE - SINGLE FAMILY,1,0,0,(650) 589-2909,katte@outlook.com,N,N,N,N,Y,N,NONE,N,N,Keep default.,4000,Keep default,1000,100000,N,100,$36.66,$439.88,Eric Chu,"San Francisco, CA",(415) 668-5300,#27421100
Renters,94549,Aaron,Chandler,02/04/1989,f,949 East St,Lafayette,CA,N,RENTED HOUSE - SINGLE FAMILY,1,0,0,(415) 777-4100,katte@outlook.com,N,N,N,N,Y,N,NONE,N,N,Keep default.,4000,Keep default,1000,100000,N,100,$34.53,$414.40,Thomas Madden,"Lafayette, CA",(925) 284-7105,#64765895
Renters,94801,Jace,Fields,11/18/1989,f,400 Harbour Way,Richmond,CA,N,RENTED HOUSE - SINGLE FAMILY,1,0,0,(510) 540-5454,katte@outlook.com,N,N,N,N,Y,N,NONE,N,N,Keep default.,4000,Keep default,1000,100000,N,100,$30.84,$370.08,Sang Rowand,"Albany, CA",(510) 526-2224,#50923675
Renters,94109,Thomas,Campbell,02/04/1989,m,888 OFarrell St,San Francisco,CA,N,RENTED HOUSE - SINGLE FAMILY,1,0,0,(408) 225-8648,katte@outlook.com,N,N,N,N,Y,N,NONE,N,N,Keep default.,4000,Keep default,1000,100000,N,100,$36.66,$439.88,Kevin Truong,"San Jose, CA",(408) 971-9174,#35228183
Renters,94043,Dillan,Perry,07/31/1988,m,555 W Middlefield Rd,Mountain View,CA,N,RENTED HOUSE - SINGLE FAMILY,1,0,0,(415) 777-4100,katte@outlook.com,N,N,N,N,Y,N,NONE,N,N,Keep default.,4000,Keep default,1000,100000,N,100,$18.84,$226.04,Jason Medeiros,"Newark, CA",(925) 321-3082,#56948255
Renters,94158,Elliot,Cortez,05/06/1989,f,355 Berry St,San Francisco,CA,N,RENTED HOUSE - SINGLE FAMILY,1,0,0,(650) 425-3914,katte@outlook.com,N,N,N,N,Y,N,NONE,N,N,Keep default.,4000,Keep default,1000,100000,N,100,$36.66,$439.88,Christopher Stuhr,"Sebastopol, CA",(707) 823-1886,#07845168
Renters,94103,Sophia,Luna,06/06/1986,m,1045 Mission St,San Francisco,CA,N,RENTED HOUSE - SINGLE FAMILY,1,0,0,(415) 626-6900,katte@outlook.com,N,N,N,N,Y,N,NONE,N,N,Keep default.,4000,Keep default,1000,100000,N,100,$32.50,$390.02,Jeffery Sundquist,"San Jose, CA",(408) 449-4893,#60158109
Renters,94086,Natalie,Howard,04/05/1990,f,1035 Aster Ave,Sunnyvale,CA,N,RENTED HOUSE - SINGLE FAMILY,1,0,0,(408) 441-7600,katte@outlook.com,N,N,N,N,Y,N,NONE,N,N,Keep default.,4000,Keep default,1000,100000,N,100,$18.84,$226.04,Jyotisen Mody,"Milpitas, CA",(408) 726-5197,#53770035
Renters,94107,Madelynn,Howard,05/06/1989,m,255 King St,San Francisco,CA,N,RENTED HOUSE - SINGLE FAMILY,1,0,0,(877) 713-3956,katte@outlook.com,N,N,N,N,Y,N,NONE,N,N,Keep default.,4000,Keep default,1000,100000,N,100,$32.50,$390.02,Virginia Tam,"Fremont, CA",(510) 683-3883,#19954414
Renters,94111,Sofia,Brewer,12/1/1988,m,460 Davis Ct,San Francisco,CA,N,RENTED HOUSE - SINGLE FAMILY,1,0,0,(415) 492-9660,katte@outlook.com,N,N,N,N,Y,N,NONE,N,N,Keep default.,4000,Keep default,1000,100000,N,100,$36.66,$439.88,Tina Law,"San Francisco, CA",(415) 221-8484,#91936856
Renters,94501,Reece,Erickson,07/31/1988,m,550 Central Ave  301,Alameda,CA,N,RENTED HOUSE - SINGLE FAMILY,1,0,0,(510) 886-1055,katte@outlook.com,N,N,N,N,Y,N,NONE,N,N,Keep default.,4000,Keep default,1000,100000,N,100,$27.70,$332.41,Ki Yi,"Alameda, CA",(510) 337-0335,#90772866
Renters,94104,Ezra,Hayes,06/06/1986,m,690 Market St,San Francisco,CA,N,RENTED HOUSE - SINGLE FAMILY,1,0,0,(408) 445-5211,katte@outlook.com,N,N,N,N,Y,N,NONE,N,N,Keep default.,4000,Keep default,1000,100000,N,100,$36.66,$439.88,Michael Li,"San Francisco, CA",(408) 440-6497,#49970919
Renters,94108,Isaac,Hernandez,11/12/1990,m,706 Kearny St,San Francisco,CA,N,RENTED HOUSE - SINGLE FAMILY,1,0,0,(831) 384-7159,katte@outlook.com,N,N,N,N,Y,N,NONE,N,N,Keep default.,4000,Keep default,1000,100000,N,100,$36.66,$439.88,Tamara Sverdlova,"San Francisco, CA",(415) 753-9193,#75378771
Renters,94066,Addyson,Juarez,11/12/1990,m,3815 Susan Dr,San Bruno,CA,N,RENTED HOUSE - SINGLE FAMILY,1,0,0,(408) 216-8947,katte@outlook.com,N,N,N,N,Y,N,NONE,N,N,Keep default.,4000,Keep default,1000,100000,N,100,$21.61,$259.27,Miguel Gonzalez,"South San Francisco, CA",(650) 776-4891,#62194732
Renters,94549,Scarlett,Oliver,02/04/1989,m,3520 Brook St,Lafayette,CA,N,RENTED HOUSE - SINGLE FAMILY,1,0,0,(408) 377-2331,katte@outlook.com,N,N,N,N,Y,N,NONE,N,N,Keep default.,4000,Keep default,1000,100000,N,100,$34.53,$414.40,Mark Makarov,"Lafayette, CA",(415) 710-6712,#74182842
Renters,94108,Samuel,Osborne,04/05/1990,f,47 Kearny St,San Francisco,CA,N,RENTED HOUSE - SINGLE FAMILY,1,0,0,(858) 565-0311,katte@outlook.com,N,N,N,N,Y,N,NONE,N,N,Keep default.,4000,Keep default,1000,100000,N,100,$36.66,$439.88,Lena Wong,"San Bruno, CA",(650) 872-1200,#22602981
Renters,94806,Dominick,Morton,06/06/1986,m,2300 Lancaster Dr,Richmond,CA,N,RENTED HOUSE - SINGLE FAMILY,1,0,0,(408) 241-1445,katte@outlook.com,N,N,N,N,Y,N,NONE,N,N,Keep default.,4000,Keep default,1000,100000,N,100,$30.84,$370.08,Louis Millhollin Jr,"Pinole, CA",(510) 741-9600,#24348940
Renters,94109,Jonah,Webster,06/06/1986,m,400 Hyde St  101,San Francisco,CA,N,RENTED HOUSE - SINGLE FAMILY,1,0,0,(415) 421-4333,katte@outlook.com,N,N,N,N,Y,N,NONE,N,N,Keep default.,4000,Keep default,1000,100000,N,100,$36.66,$439.88,Jason Gee,"San Francisco, CA",(415) 566-2822,#32709809
Renters,94114,Layla,Harmon,02/04/1989,m,4058 17th St,San Francisco,CA,N,RENTED HOUSE - SINGLE FAMILY,1,0,0,(858) 578-1632,katte@outlook.com,N,N,N,N,Y,N,NONE,N,N,Keep default.,4000,Keep default,1000,100000,N,100,$32.50,$390.02,Julie Hoang,"San Francisco, CA",(415) 466-6470,#02259658
Renters,94102,Matthew,Bridges,04/05/1990,f,835 Turk St,San Francisco,CA,N,RENTED HOUSE - SINGLE FAMILY,1,0,0,(760) 208-2785,katte@outlook.com,N,N,N,N,Y,N,NONE,N,N,Keep default.,4000,Keep default,1000,100000,N,100,$36.66,$439.88,R Michael Miller,"San Rafael, CA",(415) 454-0100,#74419025
Renters,94133,Izabella,Morrison,03/27/1987,m,2211 Stockton St,San Francisco,CA,N,RENTED HOUSE - SINGLE FAMILY,1,0,0,(415) 921-1969,katte@outlook.com,N,N,N,N,Y,N,NONE,N,N,Keep default.,4000,Keep default,1000,100000,N,100,$36.66,$439.88,Pamela Spikes,"Oakland, CA",(510) 832-1005,#76354949
Renters,94115,Nicolas,Stephens,03/08/1990,f,1489 Webster St  101,San Francisco,CA,N,RENTED HOUSE - SINGLE FAMILY,1,0,0,(855) 802-6683,katte@outlook.com,N,N,N,N,Y,N,NONE,N,N,Keep default.,4000,Keep default,1000,100000,N,100,$36.66,$439.88,Justin Choy,"San Francisco, CA",(415) 566-2822,#18453258
Renters,94133,Henry,Dawson,03/08/1990,f,2140 Taylor St,San Francisco,CA,N,RENTED HOUSE - SINGLE FAMILY,1,0,0,(408) 227-3700,katte@outlook.com,N,N,N,N,Y,N,NONE,N,N,Keep default.,4000,Keep default,1000,100000,N,100,$36.66,$439.88,Peter Chen,"San Francisco, CA",(415) 742-0412,#89735868
Renters,94015,Graham,Ford,11/18/1989,f,862 Campus Dr,Daly City,CA,N,RENTED HOUSE - SINGLE FAMILY,1,0,0,(415) 491-1125,katte@outlook.com,N,N,N,N,Y,N,NONE,N,N,Keep default.,4000,Keep default,1000,100000,N,100,$21.61,$259.27,Cristina Santos,"Daly City, CA",(650) 756-6249,#83696285
Renters,94107,Jakob,Berry,03/27/1987,f,574 3rd St 101,San Francisco,CA,N,RENTED HOUSE - SINGLE FAMILY,1,0,0,(415) 400-5295,katte@outlook.com,N,N,N,N,Y,N,NONE,N,N,Keep default.,4000,Keep default,1000,100000,N,100,$32.50,$390.02,Stella Kwok,"San Francisco, CA",(415) 239-7589,#76507350
Renters,94115,Savanna,Larson,12/1/1988,f,2799 California St,San Francisco,CA,N,RENTED HOUSE - SINGLE FAMILY,1,0,0,(408) 384-8887,katte@outlook.com,N,N,N,N,Y,N,NONE,N,N,Keep default.,4000,Keep default,1000,100000,N,100,$36.66,$439.88,Dennis Dellinges,"San Francisco, CA",(415) 585-2700,#00638454
Renters,94107,Lillian,Nicholson,11/18/1989,f,2235 3rd St,San Francisco,CA,N,RENTED HOUSE - SINGLE FAMILY,1,0,0,(408) 946-2955,katte@outlook.com,N,N,N,N,Y,N,NONE,N,N,Keep default.,4000,Keep default,1000,100000,N,100,$32.50,$390.02,Raymond Chan,"Daly City, CA",(650) 878-8222,#34433903
Renters,94402,Evangeline,Bradley,06/06/1986,m,10 De Sabla Rd,San Mateo,CA,N,RENTED HOUSE - SINGLE FAMILY,1,0,0,(877) 516-8284,katte@outlook.com,N,N,N,N,Y,N,NONE,N,N,Keep default.,4000,Keep default,1000,100000,N,100,$29.55,$354.56,Dennis Collins,"San Mateo, CA",(650) 342-6461,#16327063
Renters,94520,Madelynn,Fowler,06/06/1986,m,1491 Detroit Ave,Concord,CA,N,RENTED HOUSE - SINGLE FAMILY,1,0,0,(619) 561-2320,katte@outlook.com,N,N,N,N,Y,N,NONE,N,N,Keep default.,4000,Keep default,1000,100000,N,100,$34.53,$414.40,Matthew Gee,"Simi Valley, CA",(805) 527-5275,#61093009
Renters,94015,William,Rhodes,11/12/1990,m,333 Park Plaza Dr,Daly City,CA,N,RENTED HOUSE - SINGLE FAMILY,1,0,0,(408) 996-1006,katte@outlook.com,N,N,N,N,Y,N,NONE,N,N,Keep default.,4000,Keep default,1000,100000,N,100,$21.61,$259.27,Raymond Chan,"Daly City, CA",(650) 878-8222,#77277939
Renters,95035,Vivien,Powers,02/04/1989,f,440 Dixon Landing Rd,Milpitas,CA,N,RENTED HOUSE - SINGLE FAMILY,1,0,0,(858) 693-1175,katte@outlook.com,N,N,N,N,Y,N,NONE,N,N,Keep default.,4000,Keep default,1000,100000,N,100,$18.84,$226.04,Thomas Truong,"Milpitas, CA",(408) 935-8888,#14594165
Renters,95051,Carter,Alexander,04/05/1990,f,101 Saratoga Ave,Santa Clara,CA,N,RENTED HOUSE - SINGLE FAMILY,1,0,0,(408) 255-6750,katte@outlook.com,N,N,N,N,Y,N,NONE,N,N,Keep default.,4000,Keep default,1000,100000,N,100,$18.84,$226.04,Sammy Lee,"San Jose, CA",(408) 247-8800,#69060089
Renters,95050,Ryder,Garza,11/12/1990,m,1599 Warburton Ave,Santa Clara,CA,N,RENTED HOUSE - SINGLE FAMILY,1,0,0,(831) 240-0330,katte@outlook.com,N,N,N,N,Y,N,NONE,N,N,Keep default.,4000,Keep default,1000,100000,N,100,$18.84,$226.04,Kirk Stoddard,"San Jose, CA",(408) 978-3208,#38218173
Renters,94536,Victoria,Swanson,12/1/1988,m,38660 Hastings St  109,Fremont,CA,N,RENTED HOUSE - SINGLE FAMILY,1,0,0,(650) 952-3727,katte@outlook.com,N,N,N,N,Y,N,NONE,N,N,Keep default.,4000,Keep default,1000,100000,N,100,$27.70,$332.41,Mei Mei Chua,"Fremont, CA",(510) 962-8585,#31566253
Renters,94085,Bennett,Fletcher,11/12/1990,m,330 N Mathilda Ave,Sunnyvale,CA,N,RENTED HOUSE - SINGLE FAMILY,1,0,0,(866) 837-6172,katte@outlook.com,N,N,N,N,Y,N,NONE,N,N,Keep default.,4000,Keep default,1000,100000,N,100,$18.84,$226.04,Mary Formico Barnard,"San Jose, CA",(408) 286-1334,#88545680
Renters,94025,Anastasia,Tate,11/12/1990,m,350 Sharon Park Dr,Menlo Park,CA,N,RENTED HOUSE - SINGLE FAMILY,1,0,0,(619) 670-6400,katte@outlook.com,N,N,N,N,Y,N,NONE,N,N,Keep default.,4000,Keep default,1000,100000,N,100,$26.96,$323.54,Lyle Althoff,"Oxnard, CA",(805) 487-5456,#28330341
Renters,94085,Grayson,Cole,03/27/1987,m,355 N Wolfe Rd,Sunnyvale,CA,N,RENTED HOUSE - SINGLE FAMILY,1,0,0,(760) 291-8098,katte@outlook.com,N,N,N,N,Y,N,NONE,N,N,Keep default.,4000,Keep default,1000,100000,N,100,$18.84,$226.04,Jeffery Sundquist,"San Jose, CA",(408) 449-4893,#49677626
Renters,94538,Cora,Christensen,03/08/1990,f,39600 Fremont Blvd,Fremont,CA,N,RENTED HOUSE - SINGLE FAMILY,1,0,0,(707) 653-5931,katte@outlook.com,N,N,N,N,Y,N,NONE,N,N,Keep default.,4000,Keep default,1000,100000,N,100,$27.70,$332.41,Vernon Williams,"Dublin, CA",(408) 931-6582,#19435045
Renters,95054,Oliver,Carlson,05/06/1989,f,1600 Nantucket Cir,Santa Clara,CA,N,RENTED HOUSE - SINGLE FAMILY,1,0,0,(619) 479-6565,katte@outlook.com,N,N,N,N,Y,N,NONE,N,N,Keep default.,4000,Keep default,1000,100000,N,100,$18.84,$226.04,Tony Stoll,"San Jose, CA",(650) 200-5721,#28740101
Renters,94544,Jane,Flowers,06/06/1986,f,605 Orchard Ave,Hayward,CA,N,RENTED HOUSE - SINGLE FAMILY,1,0,0,(707) 745-3000,katte@outlook.com,N,N,N,N,Y,N,NONE,N,N,Keep default.,4000,Keep default,1000,100000,N,100,$27.70,$332.41,Michael Boffy,"Soquel, CA",(831) 239-4990,#97881521
Renters,95050,Dillon,Holland,05/06/1989,f,444 Saratoga Ave,Santa Clara,CA,N,RENTED HOUSE - SINGLE FAMILY,1,0,0,(408) 988-7500,katte@outlook.com,N,N,N,N,Y,N,NONE,N,N,Keep default.,4000,Keep default,1000,100000,N,100,$18.84,$226.04,Bin Lu,"San Jose, CA",(408) 728-9789,#26139252
Renters,94086,Autumn,Baldwin,05/06/1989,m,201 W California Ave,Sunnyvale,CA,N,RENTED HOUSE - SINGLE FAMILY,1,0,0,(415) 474-0333,katte@outlook.com,N,N,N,N,Y,N,NONE,N,N,Keep default.,4000,Keep default,1000,100000,N,100,$18.84,$226.04,Reet Singh,"Concord, CA",(925) 671-0342,#83582073
Renters,94553,Tessa,Cannon,03/27/1987,m,486 Morello Ave,Martinez,CA,N,RENTED HOUSE - SINGLE FAMILY,1,0,0,(925) 452-7910,katte@outlook.com,N,N,N,N,Y,N,NONE,N,N,Keep default.,4000,Keep default,1000,100000,N,100,$34.53,$414.40,John Hannum,"Lafayette, CA",(925) 283-6440,#13138112
Renters,94544,Delilah,Pearson,05/06/1989,m,575 Berry Ave,Hayward,CA,N,RENTED HOUSE - SINGLE FAMILY,1,0,0,(650) 372-8336,katte@outlook.com,N,N,N,N,Y,N,NONE,N,N,Keep default.,4000,Keep default,1000,100000,N,100,$27.70,$332.41,TERESA CHAN,"San Lorenzo, CA",(510) 317-7706,#84390158
Renters,95008,Chloe,Warren,11/18/1989,f,1630 W Campbell Ave,Campbell,CA,N,RENTED HOUSE - SINGLE FAMILY,1,0,0,(408) 599-5321,katte@outlook.com,N,N,N,N,Y,N,NONE,N,N,Keep default.,4000,Keep default,1000,100000,N,100,$24.10,$289.18,Ron Allen,"San Jose, CA",(408) 369-8924,#96387269
Renters,94403,Rhys,Rowe,03/08/1990,m,203 Laurie Meadows Dr,San Mateo,CA,N,RENTED HOUSE - SINGLE FAMILY,1,0,0,(831) 384-7159,katte@outlook.com,N,N,N,N,Y,N,NONE,N,N,Keep default.,4000,Keep default,1000,100000,N,100,$29.55,$354.56,Richard Jerkovich,"Belmont, CA",(650) 638-1797,#13169613
Renters,94553,Mathew,Black,07/31/1988,m,900 Roanoke Dr,Martinez,CA,N,RENTED HOUSE - SINGLE FAMILY,1,0,0,(408) 298-9988,katte@outlook.com,N,N,N,N,Y,N,NONE,N,N,Keep default.,4000,Keep default,1000,100000,N,100,$34.53,$414.40,Anthony Mangiameli,"San Jose, CA",(408) 247-7833,#52890337
Renters,94578,Miles,Weaver,05/06/1989,m,4170 Springlake Dr,San Leandro,CA,N,RENTED HOUSE - SINGLE FAMILY,1,0,0,(415) 957-5887,katte@outlook.com,N,N,N,N,Y,N,NONE,N,N,Keep default.,4000,Keep default,1000,100000,N,100,$27.70,$332.41,Edward Myers,"San Leandro, CA",(510) 351-7400,#31965363
Renters,94112,Madelynn,Davis,03/03/1988,f,1200 Ocean Ave,San Francisco,CA,N,RENTED HOUSE - SINGLE FAMILY,1,0,0,(415) 701-8366,katte@outlook.com,N,N,N,N,Y,N,NONE,N,N,Keep default.,4000,Keep default,1000,100000,N,100,$32.50,$390.02,Octavio Ramirez,"San Francisco, CA",(415) 586-0505,#00971364
Renters,94403,Thomas,Barton,11/18/1989,m,3055 La Selva,San Mateo,CA,N,RENTED HOUSE - SINGLE FAMILY,1,0,0,(602) 427-2752,katte@outlook.com,N,N,N,N,Y,N,NONE,N,N,Keep default.,4000,Keep default,1000,100000,N,100,$29.55,$354.56,Armand Chau,"San Mateo, CA",(650) 572-9838,#67812502
Renters,94087,Madelyn,Coleman,03/08/1990,m,1032 W Remington Dr,Sunnyvale,CA,N,RENTED HOUSE - SINGLE FAMILY,1,0,0,(844) 328-9442,katte@outlook.com,N,N,N,N,Y,N,NONE,N,N,Keep default.,4000,Keep default,1000,100000,N,100,$18.84,$226.04,John Williams,"San Jose, CA",(408) 227-2560,#13688774
Renters,94132,Elliott,George,11/12/1990,m,2633 Ocean Ave,San Francisco,CA,N,RENTED HOUSE - SINGLE FAMILY,1,0,0,(415) 230-1996,katte@outlook.com,N,N,N,N,Y,N,NONE,N,N,Keep default.,4000,Keep default,1000,100000,N,100,$36.66,$439.88,Eric Chu,"San Francisco, CA",(415) 668-5300,#57063277
Renters,94304,Emma,Kennedy,12/1/1988,m,1600 Sand Hill Rd,Palo Alto,CA,N,RENTED HOUSE - SINGLE FAMILY,1,0,0,(408) 971-9397,katte@outlook.com,N,N,N,N,Y,N,NONE,N,N,Keep default.,4000,Keep default,1000,100000,N,100,$18.84,$226.04,Meeree Kim,"San Mateo, CA",(650) 638-2580,#58421626
Renters,94080,Hudson,Hunter,03/27/1987,f,852 Antoinette Ln,South San Francisco,CA,N,RENTED HOUSE - SINGLE FAMILY,1,0,0,(408) 923-3200,katte@outlook.com,N,N,N,N,Y,N,NONE,N,N,Keep default.,4000,Keep default,1000,100000,N,100,$21.61,$259.27,John Helfrich,"South San Francisco, CA",(650) 583-9460,#08513397
Renters,94404,Madeline,Harrison,11/18/1989,f,900 E Hillsdale Blvd,Foster City,CA,N,RENTED HOUSE - SINGLE FAMILY,1,0,0,(760) 434-6161,katte@outlook.com,N,N,N,N,Y,N,NONE,N,N,Keep default.,4000,Keep default,1000,100000,N,100,$29.55,$354.56,Philippos Gratsinopoulos,"Burlingame, CA",(650) 288-5994,#40705844
Renters,94404,Emilia,Ward,03/27/1987,f,777 Shell Blvd,Foster City,CA,N,RENTED HOUSE - SINGLE FAMILY,1,0,0,(619) 293-3888,katte@outlook.com,N,N,N,N,Y,N,NONE,N,N,Keep default.,4000,Keep default,1000,100000,N,100,$29.55,$354.56,Marcos Ramirez,"San Mateo, CA",(650) 458-4800,#62948614
Renters,95014,Claire,Gardner,11/18/1989,f,5608 Stevens Creek Blvd,Cupertino,CA,N,RENTED HOUSE - SINGLE FAMILY,1,0,0,(408) 733-4733,katte@outlook.com,N,N,N,N,Y,N,NONE,N,N,Keep default.,4000,Keep default,1000,100000,N,100,$18.84,$226.04,David Kelly,"Sacramento, CA",(916) 447-9797,#01134793
Renters,94549,Hanna,Cervantes,03/27/1987,m,1076 Carol Ln,Lafayette,CA,N,RENTED HOUSE - SINGLE FAMILY,1,0,0,(877) 902-0832,katte@outlook.com,N,N,N,N,Y,N,NONE,N,N,Keep default.,4000,Keep default,1000,100000,N,100,$34.53,$414.40,Eitan Davora,"Walnut Creek, CA",(925) 933-2188,#02459549
Renters,95014,Elliott,Mullins,02/04/1989,m,20800 Homestead Rd,Cupertino,CA,N,RENTED HOUSE - SINGLE FAMILY,1,0,0,(415) 821-7280,katte@outlook.com,N,N,N,N,Y,N,NONE,N,N,Keep default.,4000,Keep default,1000,100000,N,100,$18.84,$226.04,Chiu Ling Lin,"San Jose, CA",(408) 657-3919,#59536958
Renters,94044,August,Roman,11/12/1990,m,380 Esplanade Ave,Pacifica,CA,N,RENTED HOUSE - SINGLE FAMILY,1,0,0,(650) 425-3914,katte@outlook.com,N,N,N,N,Y,N,NONE,N,N,Keep default.,4000,Keep default,1000,100000,N,100,$21.61,$259.27,Corrin Trowbridge,"San Bruno, CA",(650) 876-9600,#17283435
Renters,94404,Milo,Arnold,06/06/1986,m,700 Marlin Ave,Foster City,CA,N,RENTED HOUSE - SINGLE FAMILY,1,0,0,(619) 670-6400,katte@outlook.com,N,N,N,N,Y,N,NONE,N,N,Keep default.,4000,Keep default,1000,100000,N,100,$29.55,$354.56,Robert Castagneri,"San Mateo, CA",(650) 345-5444,#47949518
Renters,94014,Addison,Griffin,11/12/1990,m,415 A St 101,Daly City,CA,N,RENTED HOUSE - SINGLE FAMILY,1,0,0,(408) 599-5321,katte@outlook.com,N,N,N,N,Y,N,NONE,N,N,Keep default.,4000,Keep default,1000,100000,N,100,$21.61,$259.27,Emmanuel Paje II,"Daly City, CA",(650) 755-3419,#53605229
Renters,94080,Evan,Lamb,11/18/1989,m,101 McLellan Drive,South San Francisco,CA,N,RENTED HOUSE - SINGLE FAMILY,1,0,0,(858) 587-9997,katte@outlook.com,N,N,N,N,Y,N,NONE,N,N,Keep default.,4000,Keep default,1000,100000,N,100,$21.61,$259.27,John Helfrich,"South San Francisco, CA",(650) 583-9460,#16833865
Renters,95054,Rhys,Rodgers,03/27/1987,m,4500 Carlyle Ct,Santa Clara,CA,N,RENTED HOUSE - SINGLE FAMILY,1,0,0,(415) 885-3333,katte@outlook.com,N,N,N,N,Y,N,NONE,N,N,Keep default.,4000,Keep default,1000,100000,N,100,$18.84,$226.04,Terry Shangreaux,"San Jose, CA",(408) 371-3412,#23324607
Renters,94040,Isabella,Alexander,02/04/1989,m,575 S Rengstorff Ave,Mountain View,CA,N,RENTED HOUSE - SINGLE FAMILY,1,0,0,(408) 378-7188,katte@outlook.com,N,N,N,N,Y,N,NONE,N,N,Keep default.,4000,Keep default,1000,100000,N,100,$18.84,$226.04,Alex Wong,"Montebello, CA",(323) 212-3012,#48899048
Renters,94065,Conner,Little,03/08/1990,m,850 Davit Ln,Redwood City,CA,N,RENTED HOUSE - SINGLE FAMILY,1,0,0,(415) 749-0101,katte@outlook.com,N,N,N,N,Y,N,NONE,N,N,Keep default.,4000,Keep default,1000,100000,N,100,$29.55,$354.56,Amy Koo,"Burlingame, CA",(650) 692-3882,#78272523
Renters,94582,Lilly,Mclaughlin,12/1/1988,m,2000 Shoreline Cir,San Ramon,CA,N,RENTED HOUSE - SINGLE FAMILY,1,0,0,(888) 271-6704,katte@outlook.com,N,N,N,N,Y,N,NONE,N,N,Keep default.,4000,Keep default,1000,100000,N,100,$34.53,$414.40,Anil Raman,"Pleasanton, CA",(925) 225-1212,#81369819
Renters,95054,Natalie,Mann,02/04/1989,m,550 Moreland Way,Santa Clara,CA,N,RENTED HOUSE - SINGLE FAMILY,1,0,0,(408) 257-1060,katte@outlook.com,N,N,N,N,Y,N,NONE,N,N,Keep default.,4000,Keep default,1000,100000,N,100,$18.84,$226.04,Stephen Larson,"Sacramento, CA",(916) 428-4520,#22896483
Renters,94401,Annabelle,Walton,03/03/1988,m,250 Baldwin Ave,San Mateo,CA,N,RENTED HOUSE - SINGLE FAMILY,1,0,0,(760) 598-9000,katte@outlook.com,N,N,N,N,Y,N,NONE,N,N,Keep default.,4000,Keep default,1000,100000,N,100,$29.55,$354.56,Brian Fornesi,"Burlingame, CA",(650) 343-6521,#92126278
Renters,94065,Logan,Cook,04/05/1990,m,950 Redwood Shores Pkwy,Redwood City,CA,N,RENTED HOUSE - SINGLE FAMILY,1,0,0,(760) 798-2632,katte@outlook.com,N,N,N,N,Y,N,NONE,N,N,Keep default.,4000,Keep default,1000,100000,N,100,$29.55,$354.56,Joshua Joshua,"Burlingame, CA",(650) 259-9180,#81992120
Renters,94404,Norah,Holland,02/04/1989,m,1060 Foster City Blvd,Foster City,CA,N,RENTED HOUSE - SINGLE FAMILY,1,0,0,(415) 334-1880,katte@outlook.com,N,N,N,N,Y,N,NONE,N,N,Keep default.,4000,Keep default,1000,100000,N,100,$29.55,$354.56,Everett Taylor,"Burlingame, CA",(650) 578-0126,#85645327
Renters,94403,Graham,Schwartz,02/04/1989,m,3204 Casa De Campo Way,San Mateo,CA,N,RENTED HOUSE - SINGLE FAMILY,1,0,0,(408) 866-1005,katte@outlook.com,N,N,N,N,Y,N,NONE,N,N,Keep default.,4000,Keep default,1000,100000,N,100,$29.55,$354.56,Jennifer Spriggs,"Fremont, CA",(510) 460-6070,#72101930
Renters,94404,Fynn,Daniels,05/06/1989,m,1987 Bridgepointe Cir,San Mateo,CA,N,RENTED HOUSE - SINGLE FAMILY,1,0,0,(831) 458-5042,katte@outlook.com,N,N,N,N,Y,N,NONE,N,N,Keep default.,4000,Keep default,1000,100000,N,100,$29.55,$354.56,S Beckheyer,"Burlingame, CA",(650) 259-9297,#08452318
Renters,94404,Christopher,Howell,06/06/1986,f,1200 E Hillsdale Blvd,Foster City,CA,N,RENTED HOUSE - SINGLE FAMILY,1,0,0,(408) 437-1900,katte@outlook.com,N,N,N,N,Y,N,NONE,N,N,Keep default.,4000,Keep default,1000,100000,N,100,$29.55,$354.56,Patrick Cayabyab,"Daly City, CA",(650) 755-9690,#44513302
Renters,94002,Alice,Hogan,12/1/1988,m,200 Davey Glen Rd,Belmont,CA,N,RENTED HOUSE - SINGLE FAMILY,1,0,0,(858) 693-1175,katte@outlook.com,N,N,N,N,Y,N,NONE,N,N,Keep default.,4000,Keep default,1000,100000,N,100,$29.55,$354.56,Jyotisen Mody,"Milpitas, CA",(408) 726-5197,#58618227
Renters,94002,Graeme,Webster,06/06/1986,m,1060 Continentals Way,Belmont,CA,N,RENTED HOUSE - SINGLE FAMILY,1,0,0,(415) 487-1218,katte@outlook.com,N,N,N,N,Y,N,NONE,N,N,Keep default.,4000,Keep default,1000,100000,N,100,$29.55,$354.56,Scott Lechman,"Walnut Creek, CA",(925) 866-7101,#75096007
Renters,94401,Eli,Mullins,03/08/1990,f,338 S Fremont St,San Mateo,CA,N,RENTED HOUSE - SINGLE FAMILY,1,0,0,(510) 236-2860,katte@outlook.com,N,N,N,N,Y,N,NONE,N,N,Keep default.,4000,Keep default,1000,100000,N,100,$29.55,$354.56,Dennis Collins,"San Mateo, CA",(650) 342-6461,#37954397
Renters,94010,Natalie,Mejia,03/27/1987,f,1080 Carolan Ave,Burlingame,CA,N,RENTED HOUSE - SINGLE FAMILY,1,0,0,(415) 459-2900,katte@outlook.com,N,N,N,N,Y,N,NONE,N,N,Keep default.,4000,Keep default,1000,100000,N,100,$21.61,$259.27,Pamela Spikes,"Oakland, CA",(510) 832-1005,#76831626
Renters,94404,Lila,Medina,03/03/1988,m,703 Catamaran St,Foster City,CA,N,RENTED HOUSE - SINGLE FAMILY,1,0,0,(415) 440-1155,katte@outlook.com,N,N,N,N,Y,N,NONE,N,N,Keep default.,4000,Keep default,1000,100000,N,100,$29.55,$354.56,Adel Hassan,"Burlingame, CA",(650) 347-7111,#24867774
Renters,94086,Anabel,Barnes,03/03/1988,m,180 Pasito Terrace,Sunnyvale,CA,N,RENTED HOUSE - SINGLE FAMILY,1,0,0,(415) 334-2698,katte@outlook.com,N,N,N,N,Y,N,NONE,N,N,Keep default.,4000,Keep default,1000,100000,N,100,$18.84,$226.04,Dereck Caso,"San Jose, CA",(408) 445-9100,#51028464
Renters,94061,Iris,Robles,02/04/1989,m,707 Leahy St,Redwood City,CA,N,RENTED HOUSE - SINGLE FAMILY,1,0,0,(408) 225-8648,katte@outlook.com,N,N,N,N,Y,N,NONE,N,N,Keep default.,4000,Keep default,1000,100000,N,100,$20.78,$249.32,Francisco Zepeda,"San Francisco, CA",(415) 587-6407,#83782671
Renters,94301,Juliette,Terry,04/05/1990,f,459 Hamilton Ave,Palo Alto,CA,N,RENTED HOUSE - SINGLE FAMILY,1,0,0,(866) 932-5588,katte@outlook.com,N,N,N,N,Y,N,NONE,N,N,Keep default.,4000,Keep default,1000,100000,N,100,$18.84,$226.04,Lena Bobba,"Newark, CA",(510) 659-0488,#97115022
Renters,92108,Everly,Pratt,04/05/1990,f,6304 Rancho Mission Rd,San Diego,CA,N,RENTED HOUSE - SINGLE FAMILY,1,0,0,(650) 321-1701,katte@outlook.com,N,N,N,N,Y,N,NONE,N,N,Keep default.,4000,Keep default,1000,100000,N,100,$41.27,$495.29,Marco Alvarez,"San Diego, CA",(619) 770-1903,#66544630
Renters,92122,Sofie,Chavez,03/03/1988,f,5280 Fiore Terrace,San Diego,CA,N,RENTED HOUSE - SINGLE FAMILY,1,0,0,(408) 241-1445,katte@outlook.com,N,N,N,N,Y,N,NONE,N,N,Keep default.,4000,Keep default,1000,100000,N,100,$41.27,$495.29,Marcio Santos,"San Diego, CA",(619) 269-9544,#19630070
Renters,91942,Grayson,Mcguire,03/03/1988,m,5679 Amaya Dr,La Mesa,CA,N,RENTED HOUSE - SINGLE FAMILY,1,0,0,(408) 512-2708,katte@outlook.com,N,N,N,N,Y,N,NONE,N,N,Keep default.,4000,Keep default,1000,100000,N,100,$37.30,$447.65,Christina Urszan,"La Mesa, CA",(619) 750-1650,#07711490
Renters,92122,Eleanor,Li,07/31/1988,m,5305 Toscana Way,San Diego,CA,N,RENTED HOUSE - SINGLE FAMILY,1,0,0,(415) 978-9619,katte@outlook.com,N,N,N,N,Y,N,NONE,N,N,Keep default.,4000,Keep default,1000,100000,N,100,$41.27,$495.29,Jay Adkins,"San Diego, CA",(858) 703-5800,#89527998
Renters,92115,Evelyn,Schmidt,03/08/1990,f,6595 Montezuma Rd,San Diego,CA,N,RENTED HOUSE - SINGLE FAMILY,1,0,0,(408) 227-3700,katte@outlook.com,N,N,N,N,Y,N,NONE,N,N,Keep default.,4000,Keep default,1000,100000,N,100,$43.95,$527.42,Jeff Senigaglia,"San Jose, CA",(408) 297-6686,#41224856
Renters,91910,Lorelei,Holt,06/06/1986,f,67 E Flower St,Chula Vista,CA,N,RENTED HOUSE - SINGLE FAMILY,1,0,0,(650) 528-2128,katte@outlook.com,N,N,N,N,Y,N,NONE,N,N,Keep default.,4000,Keep default,1000,100000,N,100,$37.30,$447.65,Julio Vega,"Chula Vista, CA",(619) 426-0554,#05166305
Renters,92040,Charlotte,Dunn,11/12/1990,m,10112 Ashwood St,Lakeside,CA,N,RENTED HOUSE - SINGLE FAMILY,1,0,0,(619) 216-8884,katte@outlook.com,N,N,N,N,Y,N,NONE,N,N,Keep default.,4000,Keep default,1000,100000,N,100,$42.47,$509.69,Marilyn Huntamer,"La Mesa, CA",(619) 433-3138,#36598917
Renters,92122,Madelynn,Franklin,02/04/1989,m,3417 Lebon Dr,San Diego,CA,N,RENTED HOUSE - SINGLE FAMILY,1,0,0,(650) 583-9275,katte@outlook.com,N,N,N,N,Y,N,NONE,N,N,Keep default.,4000,Keep default,1000,100000,N,100,$41.27,$495.29,Thomas Duffy,"Del Mar, CA",(866) 299-4291,#63502497
Renters,92115,Chloe,Ford,04/05/1990,m,4424 44th St,San Diego,CA,N,RENTED HOUSE - SINGLE FAMILY,1,0,0,(408) 257-1060,katte@outlook.com,N,N,N,N,Y,N,NONE,N,N,Keep default.,4000,Keep default,1000,100000,N,100,$43.95,$527.42,Lucy Nguyen-Yogi,"San Diego, CA",(619) 286-0889,#53987924
Renters,92139,Sophie,Reeves,11/18/1989,f,7844 Paradise Valley Rd,San Diego,CA,N,RENTED HOUSE - SINGLE FAMILY,1,0,0,(619) 443-6702,katte@outlook.com,N,N,N,N,Y,N,NONE,N,N,Keep default.,4000,Keep default,1000,100000,N,100,$43.95,$527.42,Carlos Mattei,"Bonita, CA",(619) 259-2602,#37514774
Renters,92123,Zoe,Palmer,11/12/1990,m,2420 Cardinal Dr,San Diego,CA,N,RENTED HOUSE - SINGLE FAMILY,1,0,0,(650) 991-0777,katte@outlook.com,N,N,N,N,Y,N,NONE,N,N,Keep default.,4000,Keep default,1000,100000,N,100,$41.27,$495.29,Ronald Ferrero,"San Diego, CA",(619) 325-4555,#26397166
Renters,92115,Sofia,Marquez,03/08/1990,m,4850 Talmadge Park Row,San Diego,CA,N,RENTED HOUSE - SINGLE FAMILY,1,0,0,(619) 443-1720,katte@outlook.com,N,N,N,N,Y,N,NONE,N,N,Keep default.,4000,Keep default,1000,100000,N,100,$43.95,$527.42,Timothy Haviland,"Carlsbad, CA",(858) 259-4488,#43203504
Renters,92126,Audrey,Hunter,03/03/1988,f,9505 Gold Coast Dr,San Diego,CA,N,RENTED HOUSE - SINGLE FAMILY,1,0,0,(925) 686-1761,katte@outlook.com,N,N,N,N,Y,N,NONE,N,N,Keep default.,4000,Keep default,1000,100000,N,100,$40.81,$489.75,Jovan Solaja,"Los Angeles, CA",(310) 410-0580,#38282482
Renters,92122,Chase,Estrada,05/06/1989,f,7681 Palmilla Dr,San Diego,CA,N,RENTED HOUSE - SINGLE FAMILY,1,0,0,(619) 231-9600,katte@outlook.com,N,N,N,N,Y,N,NONE,N,N,Keep default.,4000,Keep default,1000,100000,N,100,$41.27,$495.29,Daiju Yoshino,"San Diego, CA",(619) 300-5669,#94881359
Renters,92071,Holden,King,03/08/1990,f,10445 Mast Blvd,Santee,CA,N,RENTED HOUSE - SINGLE FAMILY,1,0,0,(650) 425-3914,katte@outlook.com,N,N,N,N,Y,N,NONE,N,N,Keep default.,4000,Keep default,1000,100000,N,100,$37.30,$447.65,Selene Rico,"La Mesa, CA",(619) 862-8602,#04360972
Renters,92108,Mila,Rice,02/04/1989,f,8685 Rio San Diego Dr,San Diego,CA,N,RENTED HOUSE - SINGLE FAMILY,1,0,0,(619) 286-7600,katte@outlook.com,N,N,N,N,Y,N,NONE,N,N,Keep default.,4000,Keep default,1000,100000,N,100,$41.27,$495.29,Dean Ford,"Fresno, CA",(559) 447-8472,#49865092
Renters,91913,Aron,Rivas,04/05/1990,m,1250 Santa Cora Ave,Chula Vista,CA,N,RENTED HOUSE - SINGLE FAMILY,1,0,0,(415) 885-3333,katte@outlook.com,N,N,N,N,Y,N,NONE,N,N,Keep default.,4000,Keep default,1000,100000,N,100,$43.12,$517.44,Erik Motsenbocker,"San Diego, CA",(858) 386-4440,#90677505
Renters,92029,August,Waters,11/18/1989,f,910 Del Dios Hwy,Escondido,CA,N,RENTED HOUSE - SINGLE FAMILY,1,0,0,(650) 352-3601,katte@outlook.com,N,N,N,N,Y,N,NONE,N,N,Keep default.,4000,Keep default,1000,100000,N,100,$43.67,$524.08,Fred Hight,"El Cajon, CA",(619) 449-6558,#64379168
Renters,92040,Oliver,Jennings,12/1/1988,f,12001 Woodside Ave,Lakeside,CA,N,RENTED HOUSE - SINGLE FAMILY,1,0,0,(415) 552-9443,katte@outlook.com,N,N,N,N,Y,N,NONE,N,N,Keep default.,4000,Keep default,1000,100000,N,100,$42.47,$509.69,Joseph Schneerson,"Los Angeles, CA",(323) 648-7560,#14887496
Renters,92119,Luna,Richards,03/03/1988,f,6575 Jaffe Ct,San Diego,CA,N,RENTED HOUSE - SINGLE FAMILY,1,0,0,(707) 766-6881,katte@outlook.com,N,N,N,N,Y,N,NONE,N,N,Keep default.,4000,Keep default,1000,100000,N,100,$41.27,$495.29,Steve Chertoff,"La Mesa, CA",(619) 460-1111,#78964959
Renters,92027,Lincoln,Howard,07/31/1988,f,1501 E Grand Ave,Escondido,CA,N,RENTED HOUSE - SINGLE FAMILY,1,0,0,(408) 842-4457,katte@outlook.com,N,N,N,N,Y,N,NONE,N,N,Keep default.,4000,Keep default,1000,100000,N,100,$43.67,$524.08,Kirk Miller,"San Diego, CA",(858) 240-2593,#92287077
Renters,92101,Arianna,Rhodes,03/08/1990,f,1007 5th Ave,San Diego,CA,N,RENTED HOUSE - SINGLE FAMILY,1,0,0,(510) 236-2860,katte@outlook.com,N,N,N,N,Y,N,NONE,N,N,Keep default.,4000,Keep default,1000,100000,N,100,$43.95,$527.42,Ryan Egger,"San Diego, CA",(619) 237-9775,#85140707
Renters,91942,Autumn,Bell,02/04/1989,m,7576 Parkway Dr,La Mesa,CA,N,RENTED HOUSE - SINGLE FAMILY,1,0,0,(408) 946-2955,katte@outlook.com,N,N,N,N,Y,N,NONE,N,N,Keep default.,4000,Keep default,1000,100000,N,100,$37.30,$447.65,Doreen Burgin,"La Mesa, CA",(619) 741-7888,#22891110
Renters,92111,Landon,Shepherd,03/03/1988,m,7575 Linda Vista Rd,San Diego,CA,N,RENTED HOUSE - SINGLE FAMILY,1,0,0,(408) 873-9090,katte@outlook.com,N,N,N,N,Y,N,NONE,N,N,Keep default.,4000,Keep default,1000,100000,N,100,$41.27,$495.29,Pat Moore,"San Diego, CA",(858) 875-6336,#83375326
Renters,92120,Zander,Griffith,12/1/1988,f,4555 Vandever Ave,San Diego,CA,N,RENTED HOUSE - SINGLE FAMILY,1,0,0,(858) 530-2100,katte@outlook.com,N,N,N,N,Y,N,NONE,N,N,Keep default.,4000,Keep default,1000,100000,N,100,$43.95,$527.42,Sumood Hayawi,"San Diego, CA",(619) 664-4747,#82036319
Renters,91941,Lilah,Lane,04/05/1990,m,4300 Echo Ct,La Mesa,CA,N,RENTED HOUSE - SINGLE FAMILY,1,0,0,(408) 247-1900,katte@outlook.com,N,N,N,N,Y,N,NONE,N,N,Keep default.,4000,Keep default,1000,100000,N,100,$37.30,$447.65,Josh Haessly,"La Mesa, CA",(619) 462-8994,#40283760
Renters,92123,Avery,Gray,03/27/1987,f,3455 Kearny Villa Rd,San Diego,CA,N,RENTED HOUSE - SINGLE FAMILY,1,0,0,(650) 591-1143,katte@outlook.com,N,N,N,N,Y,N,NONE,N,N,Keep default.,4000,Keep default,1000,100000,N,100,$41.27,$495.29,Glen Bolalin,"San Diego, CA",(619) 796-2797,#64717114
Renters,92101,Atticus,Boyd,11/12/1990,f,1670 Kettner Blvd Ste 2,San Diego,CA,N,RENTED HOUSE - SINGLE FAMILY,1,0,0,(408) 287-3444,katte@outlook.com,N,N,N,N,Y,N,NONE,N,N,Keep default.,4000,Keep default,1000,100000,N,100,$43.95,$527.42,Bryan Nunke,"San Diego, CA",(619) 298-9000,#59207504
Renters,92120,Finn,Warren,03/08/1990,f,5320 Adobe Falls Rd,San Diego,CA,N,RENTED HOUSE - SINGLE FAMILY,1,0,0,(415) 474-1750,katte@outlook.com,N,N,N,N,Y,N,NONE,N,N,Keep default.,4000,Keep default,1000,100000,N,100,$43.95,$527.42,Theresa Simes,"Fountain Valley, CA",(714) 966-3000,#48898831
Renters,92071,Sebastian,Morgan,06/06/1986,m,10122 Buena Vista Ave,Santee,CA,N,RENTED HOUSE - SINGLE FAMILY,1,0,0,(650) 341-9900,katte@outlook.com,N,N,N,N,Y,N,NONE,N,N,Keep default.,4000,Keep default,1000,100000,N,100,$37.30,$447.65,Marcela Arana,"La Mesa, CA",(619) 251-0625,#05249774
Renters,92040,Dylan,Huff,11/18/1989,m,12002 Wintercrest Dr,Lakeside,CA,N,RENTED HOUSE - SINGLE FAMILY,1,0,0,(415) 255-1100,katte@outlook.com,N,N,N,N,Y,N,NONE,N,N,Keep default.,4000,Keep default,1000,100000,N,100,$42.47,$509.69,Ethel Arnaiz,"La Mesa, CA",(619) 466-9341,#63539920
Renters,92123,Elliott,Hamilton,11/12/1990,f,9072 Gramercy Dr,San Diego,CA,N,RENTED HOUSE - SINGLE FAMILY,1,0,0,(650) 557-4116,katte@outlook.com,N,N,N,N,Y,N,NONE,N,N,Keep default.,4000,Keep default,1000,100000,N,100,$41.27,$495.29,Tracy Webster,"San Diego, CA",(619) 563-0130,#42203176
Renters,92122,Isabelle,Hopkins,12/1/1988,m,7039 Charmant Dr,San Diego,CA,N,RENTED HOUSE - SINGLE FAMILY,1,0,0,(408) 266-1474,katte@outlook.com,N,N,N,N,Y,N,NONE,N,N,Keep default.,4000,Keep default,1000,100000,N,100,$41.27,$495.29,Christopher Contreras,"San Diego, CA",(619) 865-2688,#55937813
Renters,92117,Lilly,Flores,05/06/1989,f,5150 Balboa Arms Dr,San Diego,CA,N,RENTED HOUSE - SINGLE FAMILY,1,0,0,(650) 389-9367,katte@outlook.com,N,N,N,N,Y,N,NONE,N,N,Keep default.,4000,Keep default,1000,100000,N,100,$41.27,$495.29,Ahmad Chiha,"Canoga Park, CA",(818) 825-5444,#86644288
Renters,92126,Elias,Schneider,03/27/1987,f,10201 Camino Ruiz,San Diego,CA,N,RENTED HOUSE - SINGLE FAMILY,1,0,0,(650) 589-2909,katte@outlook.com,N,N,N,N,Y,N,NONE,N,N,Keep default.,4000,Keep default,1000,100000,N,100,$40.81,$489.75,Tamra Early,"Encinitas, CA",(760) 871-0770,#28806326
Renters,92078,Carter,Le,02/04/1989,f,601 S Twin Oaks Valley Rd,San Marcos,CA,N,RENTED HOUSE - SINGLE FAMILY,1,0,0,(650) 992-3500,katte@outlook.com,N,N,N,N,Y,N,NONE,N,N,Keep default.,4000,Keep default,1000,100000,N,100,$40.81,$489.75,Ruben Villanueva,"Temecula, CA",(951) 308-2727,#45504902
Renters,92109,Wyatt,Sutton,11/18/1989,m,3883 Ingraham St,San Diego,CA,N,RENTED HOUSE - SINGLE FAMILY,1,0,0,(415) 474-0333,katte@outlook.com,N,N,N,N,Y,N,NONE,N,N,Keep default.,4000,Keep default,1000,100000,N,100,$41.27,$495.29,Gary Gerber,"Coronado, CA",(619) 435-1802,#44659332
Renters,92122,Theodore,Pacheco,04/05/1990,f,3950 Mahaila Ave,San Diego,CA,N,RENTED HOUSE - SINGLE FAMILY,1,0,0,(415) 474-5494,katte@outlook.com,N,N,N,N,Y,N,NONE,N,N,Keep default.,4000,Keep default,1000,100000,N,100,$41.27,$495.29,Deborah Colman,"Rancho Palos Verdes, CA",(310) 832-6155,#20056437
Renters,92115,Madelyn,Monroe,05/06/1989,f,5504 Montezuma Rd,San Diego,CA,N,RENTED HOUSE - SINGLE FAMILY,1,0,0,(415) 334-1880,katte@outlook.com,N,N,N,N,Y,N,NONE,N,N,Keep default.,4000,Keep default,1000,100000,N,100,$43.95,$527.42,Ernest Dillard,"El Dorado Hills, CA",(916) 939-8553,#70803796
Renters,92126,Eliana,Carson,12/1/1988,f,11102 Caminito Alvarez,San Diego,CA,N,RENTED HOUSE - SINGLE FAMILY,1,0,0,(415) 234-7084,katte@outlook.com,N,N,N,N,Y,N,NONE,N,N,Keep default.,4000,Keep default,1000,100000,N,100,$40.81,$489.75,Jose Paz,"Auburn, CA",(530) 305-9213,#63654998
Renters,92122,Eli,Logan,12/1/1988,f,8465 Regents Rd,San Diego,CA,N,RENTED HOUSE - SINGLE FAMILY,1,0,0,(510) 352-5900,katte@outlook.com,N,N,N,N,Y,N,NONE,N,N,Keep default.,4000,Keep default,1000,100000,N,100,$41.27,$495.29,Thomas Krynicki,"Encinitas, CA",(760) 634-4165,#92509259
Renters,92128,Greyson,Gilbert,11/12/1990,m,11820 Paseo Lucido,San Diego,CA,N,RENTED HOUSE - SINGLE FAMILY,1,0,0,(408) 295-1360,katte@outlook.com,N,N,N,N,Y,N,NONE,N,N,Keep default.,4000,Keep default,1000,100000,N,100,$40.81,$489.75,Paul Compton,"Escondido, CA",(760) 746-3200,#82086791
Renters,92064,Julia,Sharp,02/04/1989,m,12556 Oak Knoll Rd,Poway,CA,N,RENTED HOUSE - SINGLE FAMILY,1,0,0,(415) 354-4501,katte@outlook.com,N,N,N,N,Y,N,NONE,N,N,Keep default.,4000,Keep default,1000,100000,N,100,$40.81,$489.75,Douglas Dixon,"San Diego, CA",(858) 538-8686,#41727520
Renters,92126,Lila,Briggs,11/18/1989,f,7194 Schilling Ave,San Diego,CA,N,RENTED HOUSE - SINGLE FAMILY,1,0,0,(707) 579-5605,katte@outlook.com,N,N,N,N,Y,N,NONE,N,N,Keep default.,4000,Keep default,1000,100000,N,100,$40.81,$489.75,Sam DeLegge,"Encinitas, CA",(760) 579-2727,#82418133
Renters,91978,Cole,Maxwell,03/08/1990,m,3115 Sweetwater Springs Blvd,Spring Valley,CA,N,RENTED HOUSE - SINGLE FAMILY,1,0,0,(408) 600-1431,katte@outlook.com,N,N,N,N,Y,N,NONE,N,N,Keep default.,4000,Keep default,1000,100000,N,100,$43.12,$517.44,Sherry Gogue,"Spring Valley, CA",(619) 337-0721,#28125647
Renters,91977,Emma,Malone,07/31/1988,m,3903 Conrad Dr,Spring Valley,CA,N,RENTED HOUSE - SINGLE FAMILY,1,0,0,(844) 328-9442,katte@outlook.com,N,N,N,N,Y,N,NONE,N,N,Keep default.,4000,Keep default,1000,100000,N,100,$37.30,$447.65,Andrew Vandergrift,"Escondido, CA",(858) 705-5848,#44292828
Renters,92021,Owen,Welch,06/06/1986,m,532 Broadway,El Cajon,CA,N,RENTED HOUSE - SINGLE FAMILY,1,0,0,(408) 257-1060,katte@outlook.com,N,N,N,N,Y,N,NONE,N,N,Keep default.,4000,Keep default,1000,100000,N,100,$37.30,$447.65,Gregory Hutt,"San Diego, CA",(619) 298-7770,#41335224
Renters,91910,Leila,Chang,03/03/1988,f,561 Mc Intosh St,Chula Vista,CA,N,RENTED HOUSE - SINGLE FAMILY,1,0,0,(408) 842-4457,katte@outlook.com,N,N,N,N,Y,N,NONE,N,N,Keep default.,4000,Keep default,1000,100000,N,100,$37.30,$447.65,Carlos Diaz,"Chula Vista, CA",(619) 425-0079,#61577004
Renters,92081,Norah,Stewart,07/31/1988,m,1982 Wellington Ln,Vista,CA,N,RENTED HOUSE - SINGLE FAMILY,1,0,0,(415) 505-2504,katte@outlook.com,N,N,N,N,Y,N,NONE,N,N,Keep default.,4000,Keep default,1000,100000,N,100,$40.81,$489.75,Shu Chu,"Pomona, CA",(909) 622-9839,#26554645
Renters,92108,Reece,Gordon,12/1/1988,m,2265 River Run Dr,San Diego,CA,N,RENTED HOUSE - SINGLE FAMILY,1,0,0,(415) 285-1231,katte@outlook.com,N,N,N,N,Y,N,NONE,N,N,Keep default.,4000,Keep default,1000,100000,N,100,$41.27,$495.29,Annie Wang,"National City, CA",(619) 477-0700,#24924958
Renters,92101,Isla,Evans,03/03/1988,f,900 F St,San Diego,CA,N,RENTED HOUSE - SINGLE FAMILY,1,0,0,(408) 384-8887,katte@outlook.com,N,N,N,N,Y,N,NONE,N,N,Keep default.,4000,Keep default,1000,100000,N,100,$43.95,$527.42,Jim Desquitado,"National City, CA",(619) 434-7406,#83271279
Renters,92008,Iris,Montoya,07/31/1988,m,2715 Carlsbad Blvd,Carlsbad,CA,N,RENTED HOUSE - SINGLE FAMILY,1,0,0,(408) 295-1360,katte@outlook.com,N,N,N,N,Y,N,NONE,N,N,Keep default.,4000,Keep default,1000,100000,N,100,$40.81,$489.75,Chad Bennett,"Carlsbad, CA",(760) 434-2600,#81068209
Renters,91914,James,Greene,04/05/1990,f,861 Anchorage Pl,Chula Vista,CA,N,RENTED HOUSE - SINGLE FAMILY,1,0,0,(408) 736-8658,katte@outlook.com,N,N,N,N,Y,N,NONE,N,N,Keep default.,4000,Keep default,1000,100000,N,100,$43.12,$517.44,Patricia Ruiz,"Chula Vista, CA",(619) 482-7011,#01591042
Renters,92120,Gideon,Warner,12/1/1988,m,6398 Del Cerro Blvd 8,San Diego,CA,N,RENTED HOUSE - SINGLE FAMILY,1,0,0,(650) 265-2120,katte@outlook.com,N,N,N,N,Y,N,NONE,N,N,Keep default.,4000,Keep default,1000,100000,N,100,$43.95,$527.42,Naomi Kleitsch,"San Diego, CA",(619) 265-4041,#20478434
Renters,92101,Adrian,Lee,03/08/1990,f,1455 Kettner Blvd,San Diego,CA,N,RENTED HOUSE - SINGLE FAMILY,1,0,0,(650) 854-3900,katte@outlook.com,N,N,N,N,Y,N,NONE,N,N,Keep default.,4000,Keep default,1000,100000,N,100,$43.95,$527.42,Bryan Nunke,"San Diego, CA",(619) 298-9000,#46029846
Renters,92056,Delilah,Burnett,07/31/1988,m,3500 Windrift Way,Oceanside,CA,N,RENTED HOUSE - SINGLE FAMILY,1,0,0,(866) 270-9902,katte@outlook.com,N,N,N,N,Y,N,NONE,N,N,Keep default.,4000,Keep default,1000,100000,N,100,$40.81,$489.75,Alexander El Tanany,"Lake Forest, CA",(949) 398-2373,#75729802
Renters,92122,Ronan,Petersen,03/27/1987,f,8720 Costa Verde Blvd,San Diego,CA,N,RENTED HOUSE - SINGLE FAMILY,1,0,0,(619) 334-6948,katte@outlook.com,N,N,N,N,Y,N,NONE,N,N,Keep default.,4000,Keep default,1000,100000,N,100,$41.27,$495.29,Richard Marcell,"San Diego, CA",(858) 453-5400,#68200235
Renters,92101,Evelyn,Moore,03/27/1987,m,600 Front St,San Diego,CA,N,RENTED HOUSE - SINGLE FAMILY,1,0,0,(415) 921-3469,katte@outlook.com,N,N,N,N,Y,N,NONE,N,N,Keep default.,4000,Keep default,1000,100000,N,100,$43.95,$527.42,Ryan Egger,"San Diego, CA",(619) 237-9775,#57708157
Renters,92021,Scarlet,Mccarthy,05/06/1989,m,989 Peach Ave,El Cajon,CA,N,RENTED HOUSE - SINGLE FAMILY,1,0,0,(888) 271-6704,katte@outlook.com,N,N,N,N,Y,N,NONE,N,N,Keep default.,4000,Keep default,1000,100000,N,100,$37.30,$447.65,Michael Clinkenbeard,"Santee, CA",(619) 442-0415,#30858999
Renters,92064,Zachary,Petersen,11/12/1990,f,12330 9th St,Poway,CA,N,RENTED HOUSE - SINGLE FAMILY,1,0,0,(619) 447-3000,katte@outlook.com,N,N,N,N,Y,N,NONE,N,N,Keep default.,4000,Keep default,1000,100000,N,100,$40.81,$489.75,Terry Snow,"Poway, CA",(858) 748-3105,#22936118
Renters,95134,Elsa,Fitzgerald,06/06/1986,f,345 Village Center Dr,San Jose,CA,N,RENTED HOUSE - SINGLE FAMILY,1,0,0,(888) 704-5204,katte@outlook.com,N,N,N,N,Y,N,NONE,N,N,Keep default.,4000,Keep default,1000,100000,N,100,$18.84,$226.04,Rachel Arroyo,"Santa Clara, CA",(408) 768-2845,#82531819
Renters,95008,James,Graham,11/18/1989,m,2275 S Bascom Ave,Campbell,CA,N,RENTED HOUSE - SINGLE FAMILY,1,0,0,(415) 648-1910,katte@outlook.com,N,N,N,N,Y,N,NONE,N,N,Keep default.,4000,Keep default,1000,100000,N,100,$24.10,$289.18,Thu Nguyen,"San Jose, CA",(408) 258-8388,#43705812
Renters,94301,Violet,Leon,07/31/1988,f,501 Forest Ave,Palo Alto,CA,N,RENTED HOUSE - SINGLE FAMILY,1,0,0,(408) 732-9450,katte@outlook.com,N,N,N,N,Y,N,NONE,N,N,Keep default.,4000,Keep default,1000,100000,N,100,$18.84,$226.04,Narasimha Betini,"Palo Alto, CA",(408) 676-7283,#02795443
Renters,94040,Stella,Knight,03/03/1988,m,234 Escuela Ave,Mountain View,CA,N,RENTED HOUSE - SINGLE FAMILY,1,0,0,(408) 946-2955,katte@outlook.com,N,N,N,N,Y,N,NONE,N,N,Keep default.,4000,Keep default,1000,100000,N,100,$18.84,$226.04,Jianhong Zhou,"Fremont, CA",(510) 656-1009,#17600792
Renters,94041,Ethan,Henry,04/05/1990,m,151 Calderon Ave,Mountain View,CA,N,RENTED HOUSE - SINGLE FAMILY,1,0,0,(415) 403-2247,katte@outlook.com,N,N,N,N,Y,N,NONE,N,N,Keep default.,4000,Keep default,1000,100000,N,100,$18.84,$226.04,Lili Li,"Sunnyvale, CA",(650) 409-8999,#22361945
Renters,94086,Elsa,Moreno,05/06/1989,f,825 E Evelyn Ave,Sunnyvale,CA,N,RENTED HOUSE - SINGLE FAMILY,1,0,0,(415) 459-2900,katte@outlook.com,N,N,N,N,Y,N,NONE,N,N,Keep default.,4000,Keep default,1000,100000,N,100,$18.84,$226.04,Mark Rizzo,"San Jose, CA",(408) 449-4820,#14820384
Renters,95054,Grace,Glover,03/03/1988,m,502 Mansion Park Dr,Santa Clara,CA,N,RENTED HOUSE - SINGLE FAMILY,1,0,0,(650) 992-3500,katte@outlook.com,N,N,N,N,Y,N,NONE,N,N,Keep default.,4000,Keep default,1000,100000,N,100,$18.84,$226.04,Jazmin Guizar,"Santa Clara, CA",(408) 802-7257,#69344017
Renters,94062,Thomas,Huff,03/08/1990,f,1212 Whipple Ave,Redwood City,CA,N,RENTED HOUSE - SINGLE FAMILY,1,0,0,(415) 234-7084,katte@outlook.com,N,N,N,N,Y,N,NONE,N,N,Keep default.,4000,Keep default,1000,100000,N,100,$20.78,$249.32,Abdallah Lama,"Palo Alto, CA",(650) 321-7586,#08277618
Renters,95134,Olivia,Hernandez,11/12/1990,f,4343 Renaissance Dr,San Jose,CA,N,RENTED HOUSE - SINGLE FAMILY,1,0,0,(408) 971-9397,katte@outlook.com,N,N,N,N,Y,N,NONE,N,N,Keep default.,4000,Keep default,1000,100000,N,100,$18.84,$226.04,Jessica Lim,"Santa Clara, CA",(408) 654-0170,#25128342
Renters,95134,Emmett,Martinez,11/18/1989,f,150 Alicante Dr,San Jose,CA,N,RENTED HOUSE - SINGLE FAMILY,1,0,0,(858) 560-5720,katte@outlook.com,N,N,N,N,Y,N,NONE,N,N,Keep default.,4000,Keep default,1000,100000,N,100,$18.84,$226.04,Michael Short,"San Jose, CA",(408) 466-6586,#14359845
Renters,94043,Declan,Watkins,03/08/1990,m,100 N Whisman Rd,Mountain View,CA,N,RENTED HOUSE - SINGLE FAMILY,1,0,0,(603) 571-6274,katte@outlook.com,N,N,N,N,Y,N,NONE,N,N,Keep default.,4000,Keep default,1000,100000,N,100,$18.84,$226.04,Dennis Fulfer,"Citrus Heights, CA",(877) 315-3555,#60043470
Renters,95054,James,Osborne,04/05/1990,m,730 Agnew Rd,Santa Clara,CA,N,RENTED HOUSE - SINGLE FAMILY,1,0,0,(415) 487-1218,katte@outlook.com,N,N,N,N,Y,N,NONE,N,N,Keep default.,4000,Keep default,1000,100000,N,100,$18.84,$226.04,Atulya Yogeshwar,"Sunnyvale, CA",(408) 720-0594,#09030846
Renters,94086,Chloe,Wise,03/03/1988,f,243 Buena Vista Ave,Sunnyvale,CA,N,RENTED HOUSE - SINGLE FAMILY,1,0,0,(415) 474-0333,katte@outlook.com,N,N,N,N,Y,N,NONE,N,N,Keep default.,4000,Keep default,1000,100000,N,100,$18.84,$226.04,Jason Schram,"Palo Alto, CA",(650) 522-0027,#98244111
Renters,95035,Iris,Trujillo,07/31/1988,m,755 E Capitol Ave,Milpitas,CA,N,RENTED HOUSE - SINGLE FAMILY,1,0,0,(408) 866-1005,katte@outlook.com,N,N,N,N,Y,N,NONE,N,N,Keep default.,4000,Keep default,1000,100000,N,100,$18.84,$226.04,Rudy Buitrago,"San Jose, CA",(408) 434-0640,#64448397
Renters,94063,Elsa,Tate,12/1/1988,m,1553 El Camino Real,Redwood City,CA,N,RENTED HOUSE - SINGLE FAMILY,1,0,0,(415) 308-7225,katte@outlook.com,N,N,N,N,Y,N,NONE,N,N,Keep default.,4000,Keep default,1000,100000,N,100,$20.78,$249.32,Emilia Liu,"Palo Alto, CA",(650) 856-8002,#04594745
Renters,94086,Harrison,Torres,06/06/1986,f,355 E Evelyn Ave,Sunnyvale,CA,N,RENTED HOUSE - SINGLE FAMILY,1,0,0,(650) 528-2129,katte@outlook.com,N,N,N,N,Y,N,NONE,N,N,Keep default.,4000,Keep default,1000,100000,N,100,$18.84,$226.04,Lili Li,"Sunnyvale, CA",(650) 409-8999,#45253588
Renters,94086,Grayson,Olson,11/12/1990,f,555 E Washington Ave,Sunnyvale,CA,N,RENTED HOUSE - SINGLE FAMILY,1,0,0,(650) 592-3139,katte@outlook.com,N,N,N,N,Y,N,NONE,N,N,Keep default.,4000,Keep default,1000,100000,N,100,$18.84,$226.04,Jianhong Zhou,"Fremont, CA",(510) 656-1009,#21383924
Renters,95051,Autumn,Bauer,07/31/1988,f,3500 Granada Ave,Santa Clara,CA,N,RENTED HOUSE - SINGLE FAMILY,1,0,0,(650) 528-2128,katte@outlook.com,N,N,N,N,Y,N,NONE,N,N,Keep default.,4000,Keep default,1000,100000,N,100,$18.84,$226.04,James Miao,"San Leandro, CA",(510) 357-8080,#23764804
Renters,94086,Fiona,Kramer,03/03/1988,m,655 S Fair Oaks Ave,Sunnyvale,CA,N,RENTED HOUSE - SINGLE FAMILY,1,0,0,(844) 328-9442,katte@outlook.com,N,N,N,N,Y,N,NONE,N,N,Keep default.,4000,Keep default,1000,100000,N,100,$18.84,$226.04,Andrew Chavez,"Los Angeles, CA",(310) 881-2770,#99608913
Renters,94043,Luke,Briggs,02/04/1989,f,505 Central Ave,Mountain View,CA,N,RENTED HOUSE - SINGLE FAMILY,1,0,0,(760) 598-9000,katte@outlook.com,N,N,N,N,Y,N,NONE,N,N,Keep default.,4000,Keep default,1000,100000,N,100,$18.84,$226.04,Robert Chang,"Mountain View, CA",(650) 965-8559,#74233645
Renters,94087,Nicholas,Mccoy,11/12/1990,m,575 E Remington Dr,Sunnyvale,CA,N,RENTED HOUSE - SINGLE FAMILY,1,0,0,(415) 749-0101,katte@outlook.com,N,N,N,N,Y,N,NONE,N,N,Keep default.,4000,Keep default,1000,100000,N,100,$18.84,$226.04,Kevin Chen,"Sunnyvale, CA",(408) 730-0000,#88838800
Renters,94025,Michael,White,04/05/1990,m,600 Sharon Park Dr,Menlo Park,CA,N,RENTED HOUSE - SINGLE FAMILY,1,0,0,(925) 735-3047,katte@outlook.com,N,N,N,N,Y,N,NONE,N,N,Keep default.,4000,Keep default,1000,100000,N,100,$26.96,$323.54,Andrew Sinclair,"Danville, CA",(925) 314-1212,#05267783
Renters,94304,Violet,Mcgee,02/04/1989,m,700 Clark Way,Palo Alto,CA,N,RENTED HOUSE - SINGLE FAMILY,1,0,0,(844) 250-7147,katte@outlook.com,N,N,N,N,Y,N,NONE,N,N,Keep default.,4000,Keep default,1000,100000,N,100,$18.84,$226.04,John Kikes,"Danville, CA",(925) 820-6661,#55023804
Renters,94041,Luke,Black,11/12/1990,f,1600 Villa St,Mountain View,CA,N,RENTED HOUSE - SINGLE FAMILY,1,0,0,(415) 648-1910,katte@outlook.com,N,N,N,N,Y,N,NONE,N,N,Keep default.,4000,Keep default,1000,100000,N,100,$18.84,$226.04,Jianhong Zhou,"Fremont, CA",(510) 656-1009,#43466132
Renters,95112,Naomi,Decker,06/06/1986,m,1700 N 1st St,San Jose,CA,N,RENTED HOUSE - SINGLE FAMILY,1,0,0,(408) 733-2306,katte@outlook.com,N,N,N,N,Y,N,NONE,N,N,Keep default.,4000,Keep default,1000,100000,N,100,$21.33,$255.95,Timothy Shannon,"Pasadena, CA",(800) 999-5729,#54064975
Renters,94089,Samuel,Sparks,03/08/1990,m,1235 Wildwood Ave,Sunnyvale,CA,N,RENTED HOUSE - SINGLE FAMILY,1,0,0,(415) 885-0333,katte@outlook.com,N,N,N,N,Y,N,NONE,N,N,Keep default.,4000,Keep default,1000,100000,N,100,$18.84,$226.04,Anthony Mangiameli,"San Jose, CA",(408) 247-7833,#54260156
Renters,94087,Logan,Mullins,03/03/1988,m,1575 Tenaka Pl,Sunnyvale,CA,N,RENTED HOUSE - SINGLE FAMILY,1,0,0,(408) 271-2600,katte@outlook.com,N,N,N,N,Y,N,NONE,N,N,Keep default.,4000,Keep default,1000,100000,N,100,$18.84,$226.04,Yixing You,"Sunnyvale, CA",(408) 900-8961,#15394716
Renters,95014,Chloe,Ellis,03/08/1990,m,19608 Pruneridge Ave,Cupertino,CA,N,RENTED HOUSE - SINGLE FAMILY,1,0,0,(415) 474-5494,katte@outlook.com,N,N,N,N,Y,N,NONE,N,N,Keep default.,4000,Keep default,1000,100000,N,100,$18.84,$226.04,Robert Herzog,"Pleasanton, CA",(925) 734-0530,#33755460
Renters,94065,Josephine,Dixon,03/27/1987,m,950 Redwood Shores Pkwy,Redwood City,CA,N,RENTED HOUSE - SINGLE FAMILY,1,0,0,(650) 591-6666,katte@outlook.com,N,N,N,N,Y,N,NONE,N,N,Keep default.,4000,Keep default,1000,100000,N,100,$29.55,$354.56,Roger Heighton,"Burlingame, CA",(650) 692-1484,#03409831
Renters,92139,Logan,Sanders,07/31/1988,m,7844 Paradise Valley Rd,San Diego,CA,Y,RENTED HOUSE - SINGLE FAMILY,1,0,0,(888) 492-9765,katte@outlook.com,N,N,N,N,Y,N,NONE,N,N,Keep default.,4000,Keep default,1000,100000,N,100,$37.36,$448.31,Annie Wang,"National City, CA",(619) 477-0700,#55704669
Renters,94105,Hazel,Page,04/05/1990,f,88 Howard St,San Francisco,CA,N,RENTED HOUSE - SINGLE FAMILY,1,0,0,(888) 284-2778,katte@outlook.com,N,N,N,N,Y,N,NONE,N,N,Keep default.,4000,Keep default,1000,100000,N,100,$32.50,$390.02,Mike Wise,"San Rafael, CA",(415) 258-9912,#46937402
