Insurance Type,Zip code,First name,Last name,Date of birth,Gender,Address,City,State,Auto insurance coverage?,Property Type,# units,# unrelated roommates,# property losses in last 3 years,Phone number,Email address,Fire Sprinkler System?,Central Fire & Burglar Alarm?,Local Fire / Smoke Alarm?,Home Security?,Non Smoking Household?,Local Burglar Alarm?,Unusual hazards?,Dogs that bite?,Run a business from home?,Start date,Personal property worth,Loss of use,Medical payments,Personal liability,Farmers Identity Protection,Deductible,Policy number,Timestamp (seconds),Policy price,Name of agent,Address of agent,price,annual_price,agent_name,agent_address,agent_phone_number,quote_number
Renters,95134,Alexander,Matthews,03/27/1987,f,150 Alicante Dr,San Jose,CA,N,RENTED HOUSE - SINGLE FAMILY,1,0,0,(415) 885-0333,amelia@aol.com,N,N,N,N,Y,N,NONE,N,N,Keep default.,4000,Keep default,1000,100000,N,100,1234,Tues,34.20,John Ag,Mtv,$18.84,$226.04,Santos Aranda,"San Jose, CA",(408) 449-4883,#15202553
Renters,95051,Natalie,Turner,04/05/1990,f,3500 Granada Ave,Santa Clara,CA,N,RENTED HOUSE - SINGLE FAMILY,1,0,0,(855) 802-6683,elise.parks@gmail.com,N,N,N,N,Y,Y,NONE,N,N,Keep default.,4000,Keep default,1000,100000,N,100,1234,Sat,41.55,John Ag,Cupertino,$18.27,$219.25,James Miao,"San Leandro, CA",(510) 357-8080,#78174226
Renters,95112,Owen,Clark,11/12/1990,m,1700 N 1st St,San Jose,CA,N,RENTED HOUSE - SINGLE FAMILY,1,0,0,(510) 758-6874,jonah.bauer@gmail.com,N,N,N,N,N,N,NONE,N,N,Keep default.,4000,Keep default,1000,100000,N,100,1234,Mon,44.41,John Ag,Redwood City,$21.76,$261.17,Timothy Shannon,"Pasadena, CA",(800) 999-5729,#32418658
Renters,94087,Quinn,Adams,06/06/1986,m,1575 Tenaka Pl,Sunnyvale,CA,N,RENTED HOUSE - SINGLE FAMILY,1,0,0,(866) 451-2806,katte@outlook.com,N,N,N,N,N,Y,NONE,N,N,Keep default.,4000,Keep default,1000,100000,N,100,91011,Mon,21.38,Patricia Ag,Cupertino,$18.65,$223.74,Teketel Mulugeta,"San Jose, CA",(408) 249-8123,#47989163
Renters,94086,Aaron,Hughes,12/1/1988,m,655 S Fair Oaks Ave,Sunnyvale,CA,N,RENTED HOUSE - SINGLE FAMILY,1,0,0,(415) 956-8858,amelia@aol.com,N,N,N,Y,Y,N,NONE,N,N,Keep default.,4000,Keep default,1000,100000,N,100,5678,Tues,27.74,Martha Ag,Redwood City,$17.89,$214.73,Andrew Chavez,"Los Angeles, CA",(310) 881-2770,#94496931
Renters,95126,Arianna,Boyd,12/1/1988,m,950 Meridian Ave,San Jose,CA,N,RENTED HOUSE - SINGLE FAMILY,1,0,0,(707) 584-0655,jonah.bauer@gmail.com,N,N,N,Y,Y,Y,NONE,N,N,Keep default.,4000,Keep default,1000,100000,N,100,5678,Sat,17.71,Martha Ag,Mtv,$22.17,$266.06,Tyler Carlin,"Orangevale, CA",(916) 988-5525,#57011758
Renters,94043,Owen,Payne,11/18/1989,m,505 Central Ave,Mountain View,CA,N,RENTED HOUSE - SINGLE FAMILY,1,0,0,(415) 487-1218,katte@outlook.com,N,N,N,Y,N,N,NONE,N,N,Keep default.,4000,Keep default,1000,100000,N,100,1234,Mon,25.26,Patricia Ag,Redwood City,$18.26,$219.12,Charlie Porter,"Menlo Park, CA",(650) 327-1313,#94930105
Renters,94040,Autumn,Gardner,06/06/1986,m,575 S Rengstorff Ave,Mountain View,CA,N,RENTED HOUSE - SINGLE FAMILY,1,0,0,(619) 448-8282,katte@outlook.com,N,N,N,Y,N,Y,NONE,N,N,Keep default.,4000,Keep default,1000,100000,N,100,5678,Mon,43.61,John Ag,Mtv,$17.68,$212.21,Alex Wong,"Montebello, CA",(323) 212-3012,#40470060
Renters,95035,Luke,Little,11/12/1990,f,555 S Park Victoria Dr,Milpitas,CA,N,RENTED HOUSE - SINGLE FAMILY,1,0,0,(415) 440-0550,nicholas.watkins@gmail.com,N,N,Y,N,Y,N,NONE,N,N,Keep default.,4000,Keep default,1000,100000,N,100,5678,Tues,28.22,Patricia Ag,Redwood City,$18.46,$221.52,Virginia Tam,"Fremont, CA",(510) 683-3883,#05203475
Renters,95008,Rhys,Gordon,02/04/1989,m,2275 S Bascom Ave,Campbell,CA,N,RENTED HOUSE - SINGLE FAMILY,1,0,0,(619) 583-8084,amelia@aol.com,N,N,Y,N,Y,Y,NONE,N,N,Keep default.,4000,Keep default,1000,100000,N,100,91011,Mon,38.30,Martha Ag,Redwood City,$22.89,$274.73,Thu Nguyen,"San Jose, CA",(408) 258-8388,#74606591
Renters,95008,August,Sullivan,04/05/1990,f,200 Hollis Ave,Campbell,CA,N,RENTED HOUSE - SINGLE FAMILY,1,0,0,(408) 779-8986,katte@outlook.com,N,N,Y,N,N,N,NONE,N,N,Keep default.,4000,Keep default,1000,100000,N,100,1234,Mon,25.50,Patricia Ag,Mtv,$24.10,$289.18,Mary Formico Barnard,"San Jose, CA",(408) 286-1334,#92779643
Renters,95134,Jasper,Strickland,06/06/1986,f,4343 Renaissance Dr,San Jose,CA,N,RENTED HOUSE - SINGLE FAMILY,1,0,0,(866) 932-5588,elise.parks@gmail.com,N,N,Y,N,N,Y,NONE,N,N,Keep default.,4000,Keep default,1000,100000,N,100,5678,Mon,39.18,John Ag,Cupertino,$18.26,$219.12,Shinobu Arisawa,"San Jose, CA",(408) 449-4808,#86004106
Renters,95020,Eloise,Diaz,04/05/1990,m,8200 Kern Ave,Gilroy,CA,N,RENTED HOUSE - SINGLE FAMILY,1,0,0,(408) 586-9001,katte@outlook.com,N,N,Y,Y,Y,N,NONE,N,N,Keep default.,4000,Keep default,1000,100000,N,100,5678,Tues,29.18,Martha Ag,Cupertino,$35.79,$429.48,Mohamed Bandali,"Soquel, CA",(831) 688-8664,#86939538
Renters,95051,Felicity,Baker,07/31/1988,m,1901 Halford Ave,Santa Clara,CA,N,RENTED HOUSE - SINGLE FAMILY,1,0,0,(831) 240-0589,elise.parks@gmail.com,N,N,Y,Y,Y,Y,NONE,N,N,Keep default.,4000,Keep default,1000,100000,N,100,91011,Mon,34.52,Patricia Ag,Mtv,$17.33,$207.95,Jianmei Quitt,"San Diego, CA",(858) 605-5780,#39665812
Renters,95128,Phoebe,Kim,04/05/1990,f,500 S Winchester Blvd,San Jose,CA,N,RENTED HOUSE - SINGLE FAMILY,1,0,0,(415) 626-3100,hadley.gardner@hotmail.com,N,N,Y,Y,N,N,NONE,N,N,Keep default.,4000,Keep default,1000,100000,N,100,1234,Mon,19.27,Patricia Ag,Cupertino,$15.14,$181.67,Kimberley Rubright,"San Jose, CA",(408) 610-9658,#87059755
Renters,94087,Anna,Flores,11/18/1989,f,745 S Bernardo Ave,Sunnyvale,CA,N,RENTED HOUSE - SINGLE FAMILY,1,0,0,(415) 440-1155,katte@outlook.com,N,N,Y,Y,N,Y,NONE,N,N,Keep default.,4000,Keep default,1000,100000,N,100,5678,Tues,27.29,Martha Ag,Mtv,$17.68,$212.21,Svetlana Serebnitskaya,"Walnut Creek, CA",(925) 352-7447,#77285163
Renters,95014,Felix,Goodman,03/03/1988,m,19608 Pruneridge Ave,Cupertino,CA,N,RENTED HOUSE - SINGLE FAMILY,1,0,0,(408) 737-2900,hadley.gardner@hotmail.com,N,Y,N,N,Y,N,NONE,N,N,Keep default.,4000,Keep default,1000,100000,N,100,91011,Sat,41.44,Patricia Ag,Redwood City,$17.89,$214.73,Robert Herzog,"Pleasanton, CA",(925) 734-0530,#85575740
Renters,94085,Jude,Lang,06/06/1986,m,330 N Mathilda Ave,Sunnyvale,CA,N,RENTED HOUSE - SINGLE FAMILY,1,0,0,(415) 923-6900,amelia@aol.com,N,Y,N,N,Y,Y,NONE,N,N,Keep default.,4000,Keep default,1000,100000,N,100,1234,Tues,29.72,John Ag,Mtv,$11.60,$139.14,Mary Formico Barnard,"San Jose, CA",(408) 286-1334,#47000210
Renters,95134,Addison,Mcgee,04/05/1990,m,4343 Renaissance Dr,San Jose,CA,N,RENTED HOUSE - SINGLE FAMILY,1,0,0,(408) 297-4675,nicholas.watkins@gmail.com,N,Y,N,N,N,N,NONE,N,N,Keep default.,4000,Keep default,1000,100000,N,100,91011,Tues,21.38,John Ag,Cupertino,$18.26,$219.12,Jeong Pak,"Fremont, CA",(510) 790-2702,#27647818
Renters,94087,Eliot,Mckenzie,03/27/1987,f,1575 Tenaka Pl,Sunnyvale,CA,N,RENTED HOUSE - SINGLE FAMILY,1,0,0,(408) 980-0502,nicholas.watkins@gmail.com,N,Y,N,N,N,Y,NONE,N,N,Keep default.,4000,Keep default,1000,100000,N,100,1234,Tues,31.05,Patricia Ag,Mtv,$18.26,$219.12,Ricardo Gonzalez,"San Jose, CA",(408) 307-6034,#26810777
Renters,95134,Adeline,Reed,06/06/1986,f,4343 Renaissance Dr,San Jose,CA,N,RENTED HOUSE - SINGLE FAMILY,1,0,0,(408) 733-9095,katte@outlook.com,N,Y,N,Y,Y,N,NONE,N,N,Keep default.,4000,Keep default,1000,100000,N,100,5678,Tues,32.14,Martha Ag,Cupertino,$16.95,$203.43,Corinna Lee,"Fremont, CA",(510) 270-8386,#85877948
Renters,95050,Annabelle,Moore,04/05/1990,m,444 Saratoga Ave,Santa Clara,CA,N,RENTED HOUSE - SINGLE FAMILY,1,0,0,(888) 586-1355,nicholas.watkins@gmail.com,N,Y,N,Y,Y,Y,NONE,N,N,Keep default.,4000,Keep default,1000,100000,N,100,91011,Tues,40.77,Martha Ag,Redwood City,$16.95,$203.43,Bin Lu,"San Jose, CA",(408) 728-9789,#76211709
Renters,94087,Evangeline,Garcia,02/04/1989,f,902 W Remington Dr,Sunnyvale,CA,N,RENTED HOUSE - SINGLE FAMILY,1,0,0,(415) 931-6300,katte@outlook.com,N,Y,N,Y,N,N,NONE,N,N,Keep default.,4000,Keep default,1000,100000,N,100,5678,Sat,38.30,Patricia Ag,Redwood City,$17.30,$207.58,Michael Fiamingo,"San Jose, CA",(408) 445-9700,#14458073
Renters,94043,Kole,Lara,03/27/1987,f,505 Central Ave,Mountain View,CA,N,RENTED HOUSE - SINGLE FAMILY,1,0,0,(408) 295-1360,amelia@aol.com,N,Y,N,Y,N,Y,NONE,N,N,Keep default.,4000,Keep default,1000,100000,N,100,1234,Tues,17.43,Martha Ag,Mtv,$17.30,$207.58,Mark Landis,"Redwood City, CA",(650) 366-8274,#14915447
Renters,95020,Abigail,Ayala,05/06/1989,m,7397 Monterey St,Gilroy,CA,N,RENTED HOUSE - SINGLE FAMILY,1,0,0,(415) 445-6530,nicholas.watkins@gmail.com,N,Y,Y,N,Y,N,NONE,N,N,Keep default.,4000,Keep default,1000,100000,N,100,1234,Tues,34.90,John Ag,Mtv,$35.79,$429.48,Albert Pinheiro,"Gilroy, CA",(408) 842-4619,#14092909
Renters,94086,Sadie,Mendoza,02/04/1989,m,243 Buena Vista Ave,Sunnyvale,CA,N,RENTED HOUSE - SINGLE FAMILY,1,0,0,(408) 984-4767,amelia@aol.com,N,Y,Y,N,Y,Y,NONE,N,N,Keep default.,4000,Keep default,1000,100000,N,100,5678,Tues,21.72,Martha Ag,Mtv,$17.89,$214.73,Jason Schram,"Palo Alto, CA",(650) 522-0027,#05659718
Renters,95054,Paige,Hopkins,03/27/1987,f,4500 Carlyle Ct,Santa Clara,CA,N,RENTED HOUSE - SINGLE FAMILY,1,0,0,(650) 994-2247,amelia@aol.com,N,Y,Y,N,N,N,NONE,N,N,Keep default.,4000,Keep default,1000,100000,N,100,5678,Tues,34.95,Patricia Ag,Cupertino,$18.26,$219.12,Lee Gomez,"San Jose, CA",(408) 223-0970,#32561141
Renters,95112,Benjamin,Fischer,07/31/1988,m,1700 N 1st St,San Jose,CA,N,RENTED HOUSE - SINGLE FAMILY,1,0,0,(877) 713-4583,jonah.bauer@gmail.com,N,Y,Y,N,N,Y,NONE,N,N,Keep default.,4000,Keep default,1000,100000,N,100,1234,Sat,27.29,Patricia Ag,Redwood City,$20.68,$248.12,Timothy Shannon,"Pasadena, CA",(800) 999-5729,#67412808
Renters,94087,Gideon,Goodman,11/18/1989,f,575 E Remington Dr,Sunnyvale,CA,N,RENTED HOUSE - SINGLE FAMILY,1,0,0,(415) 673-7545,katte@outlook.com,N,Y,Y,Y,Y,N,NONE,N,N,Keep default.,4000,Keep default,1000,100000,N,100,91011,Mon,43.47,John Ag,Mtv,$16.95,$203.43,Greg Goodman,"San Jose, CA",(408) 267-5502,#36406828
Renters,94040,Ethan,Kelley,11/12/1990,m,234 Escuela Ave,Mountain View,CA,N,RENTED HOUSE - SINGLE FAMILY,1,0,0,(619) 447-3000,katte@outlook.com,N,Y,Y,Y,Y,Y,NONE,N,N,Keep default.,4000,Keep default,1000,100000,N,100,91011,Tues,44.97,John Ag,Cupertino,$16.95,$203.43,Jianhong Zhou,"Fremont, CA",(510) 656-1009,#30041990
Renters,94086,Brielle,Cain,03/27/1987,f,180 Pasito Terrace,Sunnyvale,CA,N,RENTED HOUSE - SINGLE FAMILY,1,0,0,(510) 352-5900,nicholas.watkins@gmail.com,N,Y,Y,Y,N,N,NONE,N,N,Keep default.,4000,Keep default,1000,100000,N,100,1234,Mon,15.21,John Ag,Cupertino,$17.30,$207.58,Ron Merz,"San Jose, CA",(408) 371-3000,#47648729
Renters,95136,Dillan,Bowers,05/06/1989,f,5230 Terner Way,San Jose,CA,N,RENTED HOUSE - SINGLE FAMILY,1,0,0,(510) 582-5240,hadley.gardner@hotmail.com,N,Y,Y,Y,N,Y,NONE,N,N,Keep default.,4000,Keep default,1000,100000,N,100,5678,Sat,40.77,Martha Ag,Cupertino,$14.34,$172.10,Mohammad Parandian,"San Jose, CA",(408) 266-7177,#42898323
Renters,94089,Griffin,Terry,03/08/1990,f,1235 Wildwood Ave,Sunnyvale,CA,N,RENTED HOUSE - SINGLE FAMILY,1,0,0,(415) 285-1231,nicholas.watkins@gmail.com,Y,N,N,N,Y,N,NONE,N,N,Keep default.,4000,Keep default,1000,100000,N,100,1234,Mon,20.01,Patricia Ag,Mtv,$16.95,$203.43,Anthony Mangiameli,"San Jose, CA",(408) 247-7833,#44667370
Renters,95054,Norah,Wood,04/05/1990,m,4500 Carlyle Ct,Santa Clara,CA,N,RENTED HOUSE - SINGLE FAMILY,1,0,0,(415) 931-6300,hadley.gardner@hotmail.com,Y,N,N,N,Y,Y,NONE,N,N,Keep default.,4000,Keep default,1000,100000,N,100,91011,Mon,39.30,John Ag,Mtv,$16.39,$196.64,Zainuddean Jeewanjee,"San Jose, CA",(408) 703-4900,#66579214
Renters,95050,Savannah,Moss,03/03/1988,m,2200 Monroe St,Santa Clara,CA,N,RENTED HOUSE - SINGLE FAMILY,1,0,0,(415) 403-2247,jonah.bauer@gmail.com,Y,N,N,N,N,N,NONE,N,N,Keep default.,4000,Keep default,1000,100000,N,100,1234,Tues,28.22,John Ag,Mtv,$17.30,$207.58,Leny Bueno,"San Jose, CA",(408) 449-4871,#90174389
Renters,94087,Ryder,Fleming,03/27/1987,m,575 E Remington Dr,Sunnyvale,CA,N,RENTED HOUSE - SINGLE FAMILY,1,0,0,(408) 565-9960,elise.parks@gmail.com,Y,N,N,N,N,Y,NONE,N,N,Keep default.,4000,Keep default,1000,100000,N,100,1234,Tues,36.82,Patricia Ag,Cupertino,$16.72,$200.66,Dallas Johnson,"Fremont, CA",(510) 792-8653,#35782989
Renters,95054,Lillian,Daniels,12/1/1988,m,1500 Vista Club Cir,Santa Clara,CA,N,RENTED HOUSE - SINGLE FAMILY,1,0,0,(408) 241-1445,elise.parks@gmail.com,Y,N,N,Y,Y,N,NONE,N,N,Keep default.,4000,Keep default,1000,100000,N,100,5678,Tues,21.72,John Ag,Cupertino,$16.01,$192.12,Lily Zhao,"San Jose, CA",(408) 398-4616,#10648574
Renters,94086,James,Meyers,11/18/1989,m,201 W California Ave,Sunnyvale,CA,N,RENTED HOUSE - SINGLE FAMILY,1,0,0,(858) 565-0311,hadley.gardner@hotmail.com,Y,N,N,Y,Y,Y,NONE,N,N,Keep default.,4000,Keep default,1000,100000,N,100,1234,Tues,44.41,Martha Ag,Redwood City,$15.44,$185.34,Reet Singh,"Concord, CA",(925) 671-0342,#11361457
Renters,95125,Hudson,Benson,12/1/1988,m,1776 Almaden Rd,San Jose,CA,N,RENTED HOUSE - SINGLE FAMILY,1,0,0,(408) 732-9450,elise.parks@gmail.com,Y,N,N,Y,N,N,NONE,N,N,Keep default.,4000,Keep default,1000,100000,N,100,5678,Mon,34.20,John Ag,Mtv,$20.90,$250.83,Joe Angelini,"Half Moon Bay, CA",(650) 726-4818,#25755929
Renters,94085,Benjamin,Hoffman,11/18/1989,m,1257 Lakeside Dr,Sunnyvale,CA,N,RENTED HOUSE - SINGLE FAMILY,1,0,0,(831) 458-5042,sophie.garner@hotmail.com,Y,N,N,Y,N,Y,NONE,N,N,Keep default.,4000,Keep default,1000,100000,N,100,5678,Sat,42.06,Patricia Ag,Cupertino,$15.76,$189.14,Kevin Fitzpatrick,"Sunnyvale, CA",(408) 736-5395,#12582547
Renters,94085,Elise,Harper,03/27/1987,m,355 N Wolfe Rd,Sunnyvale,CA,N,RENTED HOUSE - SINGLE FAMILY,1,0,0,(858) 530-2100,hadley.gardner@hotmail.com,Y,N,Y,N,Y,N,NONE,N,N,Keep default.,4000,Keep default,1000,100000,N,100,91011,Tues,20.01,Patricia Ag,Cupertino,$16.58,$198.91,Jeffery Sundquist,"San Jose, CA",(408) 449-4893,#80376745
Renters,95020,Elise,Snyder,11/18/1989,m,8200 Kern Ave,Gilroy,CA,N,RENTED HOUSE - SINGLE FAMILY,1,0,0,(415) 474-5333,amelia@aol.com,Y,N,Y,N,Y,Y,NONE,N,N,Keep default.,4000,Keep default,1000,100000,N,100,5678,Mon,19.27,John Ag,Redwood City,$32.02,$384.26,Robyn Akin Dequine,"San Jose, CA",(408) 268-2546,#47809536
Renters,95051,Logan,Moreno,11/12/1990,m,100 Buckingham Dr,Santa Clara,CA,N,RENTED HOUSE - SINGLE FAMILY,1,0,0,(831) 469-3620,katte@outlook.com,Y,N,Y,N,N,N,NONE,N,N,Keep default.,4000,Keep default,1000,100000,N,100,1234,Tues,43.10,Patricia Ag,Cupertino,$16.91,$202.97,Teketel Mulugeta,"San Jose, CA",(408) 249-8123,#43772268
Renters,95008,Ana,Woods,03/08/1990,f,1630 W Campbell Ave,Campbell,CA,N,RENTED HOUSE - SINGLE FAMILY,1,0,0,(415) 626-3100,luke.harrington@aol.com,Y,N,Y,N,N,Y,NONE,N,N,Keep default.,4000,Keep default,1000,100000,N,100,1234,Tues,17.43,Patricia Ag,Redwood City,$20.90,$250.83,Ray Kellam,"Campbell, CA",(408) 440-5139,#98040524
Renters,95136,Scarlet,Wilson,04/05/1990,f,3601 Copperfield Dr,San Jose,CA,N,RENTED HOUSE - SINGLE FAMILY,1,0,0,(415) 641-8003,sophie.garner@hotmail.com,Y,N,Y,Y,Y,N,NONE,N,N,Keep default.,4000,Keep default,1000,100000,N,100,5678,Mon,30.71,Martha Ag,Cupertino,$20.48,$245.81,John Williams,"San Jose, CA",(408) 227-2560,#64818786
Renters,95008,Holden,Brown,02/04/1989,f,2275 S Bascom Ave,Campbell,CA,N,RENTED HOUSE - SINGLE FAMILY,1,0,0,(415) 491-1125,hadley.gardner@hotmail.com,Y,N,Y,Y,Y,Y,NONE,N,N,Keep default.,4000,Keep default,1000,100000,N,100,1234,Mon,27.29,Martha Ag,Cupertino,$19.76,$237.14,Thu Nguyen,"San Jose, CA",(408) 258-8388,#47739054
Renters,95123,Eli,Hines,07/31/1988,f,150 Palm Valley Blvd,San Jose,CA,N,RENTED HOUSE - SINGLE FAMILY,1,0,0,(415) 673-7545,katte@outlook.com,Y,N,Y,Y,N,N,NONE,N,N,Keep default.,4000,Keep default,1000,100000,N,100,5678,Tues,35.38,John Ag,Cupertino,$20.90,$250.83,Bin Lu,"San Jose, CA",(408) 728-9789,#38512974
Renters,95020,Eli,Mcdonald,05/06/1989,m,8200 Kern Ave,Gilroy,CA,N,RENTED HOUSE - SINGLE FAMILY,1,0,0,(888) 704-5204,hadley.gardner@hotmail.com,Y,N,Y,Y,N,Y,NONE,N,N,Keep default.,4000,Keep default,1000,100000,N,100,91011,Tues,36.82,Martha Ag,Cupertino,$31.52,$378.27,Michael Matica,"Soquel, CA",(831) 421-2428,#79990818
Renters,94041,David,Chandler,03/03/1988,f,1600 Villa St,Mountain View,CA,N,RENTED HOUSE - SINGLE FAMILY,1,0,0,(415) 255-1100,amelia@aol.com,Y,Y,N,N,Y,N,NONE,N,N,Keep default.,4000,Keep default,1000,100000,N,100,91011,Tues,44.39,Patricia Ag,Redwood City,$16.01,$192.12,Jianhong Zhou,"Fremont, CA",(510) 656-1009,#40300900
Renters,95014,Ronan,Bass,11/18/1989,f,19608 Pruneridge Ave,Cupertino,CA,N,RENTED HOUSE - SINGLE FAMILY,1,0,0,(408) 456-0700,hadley.gardner@hotmail.com,Y,Y,N,N,Y,Y,NONE,N,N,Keep default.,4000,Keep default,1000,100000,N,100,91011,Tues,42.34,Patricia Ag,Mtv,$16.01,$192.12,Robert Herzog,"Pleasanton, CA",(925) 734-0530,#85900627
Renters,95054,Adeline,Carroll,03/27/1987,f,1600 Nantucket Cir,Santa Clara,CA,N,RENTED HOUSE - SINGLE FAMILY,1,0,0,(858) 271-4151,amelia@aol.com,Y,Y,N,N,N,N,NONE,N,N,Keep default.,4000,Keep default,1000,100000,N,100,5678,Mon,38.30,John Ag,Redwood City,$16.34,$196.06,Tony Stoll,"San Jose, CA",(650) 200-5721,#75522286
Renters,95054,Luna,Wheeler,11/12/1990,f,550 Moreland Way,Santa Clara,CA,N,RENTED HOUSE - SINGLE FAMILY,1,0,0,(510) 793-2535,hadley.gardner@hotmail.com,Y,Y,N,N,N,Y,NONE,N,N,Keep default.,4000,Keep default,1000,100000,N,100,1234,Sat,27.11,Martha Ag,Cupertino,$16.34,$196.06,Stephen Larson,"Sacramento, CA",(916) 428-4520,#76244800
Renters,95136,Nathaniel,Hodges,03/08/1990,m,5230 Terner Way,San Jose,CA,N,RENTED HOUSE - SINGLE FAMILY,1,0,0,(707) 762-5126,nicholas.watkins@gmail.com,Y,Y,N,Y,Y,N,NONE,N,N,Keep default.,4000,Keep default,1000,100000,N,100,91011,Sat,43.10,Patricia Ag,Cupertino,$19.28,$231.36,Yarlin Palomares,"San Jose, CA",(408) 229-2500,#82124801
Renters,95054,Emily,Price,11/18/1989,m,1600 Nantucket Cir,Santa Clara,CA,N,RENTED HOUSE - SINGLE FAMILY,1,0,0,(707) 579-5605,jonah.bauer@gmail.com,Y,Y,N,Y,Y,Y,NONE,N,N,Keep default.,4000,Keep default,1000,100000,N,100,5678,Mon,15.81,Patricia Ag,Mtv,$15.07,$180.83,Tony Stoll,"San Jose, CA",(650) 200-5721,#25146129
Renters,94085,Rhys,Keller,03/08/1990,m,1257 Lakeside Dr,Sunnyvale,CA,N,RENTED HOUSE - SINGLE FAMILY,1,0,0,(408) 214-1714,nicholas.watkins@gmail.com,Y,Y,N,Y,N,N,NONE,N,N,Keep default.,4000,Keep default,1000,100000,N,100,91011,Mon,35.38,Martha Ag,Redwood City,$15.38,$184.52,Paul Curiel,"San Jose, CA",(408) 270-4029,#27517439
Renters,95126,Sofie,Cross,11/12/1990,f,1300 The Alameda,San Jose,CA,N,RENTED HOUSE - SINGLE FAMILY,1,0,0,(408) 245-6710,amelia@aol.com,Y,Y,N,Y,N,Y,NONE,N,N,Keep default.,4000,Keep default,1000,100000,N,100,5678,Mon,15.14,John Ag,Redwood City,$19.67,$236.09,Jason Schram,"Palo Alto, CA",(650) 522-0027,#53415421
Renters,94086,Liam,Walsh,05/06/1989,f,243 Buena Vista Ave,Sunnyvale,CA,N,RENTED HOUSE - SINGLE FAMILY,1,0,0,(415) 405-4600,hadley.gardner@hotmail.com,Y,Y,Y,N,Y,N,NONE,N,N,Keep default.,4000,Keep default,1000,100000,N,100,1234,Tues,27.74,Patricia Ag,Mtv,$16.01,$192.12,Jason Schram,"Palo Alto, CA",(650) 522-0027,#42212837
Renters,94086,Adrian,Stewart,04/05/1990,f,555 E Washington Ave,Sunnyvale,CA,N,RENTED HOUSE - SINGLE FAMILY,1,0,0,(408) 736-8658,jonah.bauer@gmail.com,Y,Y,Y,N,Y,Y,NONE,N,N,Keep default.,4000,Keep default,1000,100000,N,100,5678,Tues,35.07,John Ag,Mtv,$16.01,$192.12,Jianhong Zhou,"Fremont, CA",(510) 656-1009,#30277344
Renters,95136,Arabella,Burgess,05/06/1989,f,5230 Terner Way,San Jose,CA,N,RENTED HOUSE - SINGLE FAMILY,1,0,0,(408) 971-9397,amelia@aol.com,Y,Y,Y,N,N,N,NONE,N,N,Keep default.,4000,Keep default,1000,100000,N,100,1234,Tues,35.60,Martha Ag,Redwood City,$20.90,$250.83,Roy Chetty,"San Jose, CA",(408) 872-2500,#80824278
Renters,95126,Isla,Rodriguez,07/31/1988,m,850 Meridian Way,San Jose,CA,N,RENTED HOUSE - SINGLE FAMILY,1,0,0,(619) 463-1116,sophie.garner@hotmail.com,Y,Y,Y,N,N,Y,NONE,N,N,Keep default.,4000,Keep default,1000,100000,N,100,5678,Sat,22.35,Patricia Ag,Mtv,$20.90,$250.83,Louise Shih,"San Jose, CA",(408) 253-0688,#19530830
Renters,95128,Lea,Woods,03/27/1987,m,500 S Winchester Blvd,San Jose,CA,N,RENTED HOUSE - SINGLE FAMILY,1,0,0,(415) 749-0101,hadley.gardner@hotmail.com,Y,Y,Y,Y,Y,N,NONE,N,N,Keep default.,4000,Keep default,1000,100000,N,100,5678,Sat,25.26,John Ag,Redwood City,$19.28,$231.36,Mark Rizzo,"San Jose, CA",(408) 449-4820,#48771747
Renters,94043,Hazel,rojascole,03/27/1987,m,555 W Middlefield Rd,Mountain View,CA,N,RENTED HOUSE - SINGLE FAMILY,1,0,0,(858) 565-0311,katte@outlook.com,Y,Y,Y,Y,Y,Y,NONE,N,N,Keep default.,4000,Keep default,1000,100000,N,100,91011,Mon,29.93,Martha Ag,Mtv,$15.07,$180.83,Elena Goldin,"Mountain View, CA",(650) 940-1100,#66792864
Renters,95125,Leila,Stephens,06/06/1986,f,3200 Rubino Dr,San Jose,CA,N,RENTED HOUSE - SINGLE FAMILY,1,0,0,(510) 223-2000,luke.harrington@aol.com,Y,Y,Y,Y,N,N,NONE,N,N,Keep default.,4000,Keep default,1000,100000,N,100,5678,Sat,27.72,John Ag,Mtv,$19.67,$236.09,Vilai Yang,"Elk Grove, CA",(916) 684-9958,#34848207
Renters,95126,Lucy,Kelly,05/06/1989,f,1300 The Alameda,San Jose,CA,N,RENTED HOUSE - SINGLE FAMILY,1,0,0,(408) 570-5040,luke.harrington@aol.com,Y,Y,Y,Y,N,Y,NONE,N,N,Keep default.,4000,Keep default,1000,100000,N,100,91011,Sat,36.70,Martha Ag,Cupertino,$19.67,$236.09,Jason Schram,"Palo Alto, CA",(650) 522-0027,#84771599
Renters,95050,Landon,Joseph,11/12/1990,m,444 Saratoga Ave,Santa Clara,CA,Y,RENTED HOUSE - SINGLE FAMILY,1,0,0,(510) 215-2850,amelia@aol.com,N,N,N,N,Y,N,NONE,N,N,Keep default.,4000,Keep default,1000,100000,N,100,5678,Mon,26.88,Patricia Ag,Cupertino,$16.01,$192.12,Bin Lu,"San Jose, CA",(408) 728-9789,#70425418
Renters,95051,Archer,Tyler,04/05/1990,f,101 Saratoga Ave,Santa Clara,CA,Y,RENTED HOUSE - SINGLE FAMILY,1,0,0,(866) 251-7152,amelia@aol.com,N,N,N,N,Y,Y,NONE,N,N,Keep default.,4000,Keep default,1000,100000,N,100,5678,Mon,33.10,John Ag,Mtv,$15.53,$186.37,Sammy Lee,"San Jose, CA",(408) 247-8800,#50976999
Renters,94086,Hudson,Black,12/1/1988,f,243 Buena Vista Ave,Sunnyvale,CA,Y,RENTED HOUSE - SINGLE FAMILY,1,0,0,(650) 997-0670,amelia@aol.com,N,N,N,N,N,N,NONE,N,N,Keep default.,4000,Keep default,1000,100000,N,100,5678,Sat,43.55,John Ag,Redwood City,$16.34,$196.06,Jason Schram,"Palo Alto, CA",(650) 522-0027,#53166418
Renters,94043,Josiah,Christensen,03/08/1990,f,505 Central Ave,Mountain View,CA,Y,RENTED HOUSE - SINGLE FAMILY,1,0,0,(650) 591-1143,hadley.gardner@hotmail.com,N,N,N,N,N,Y,NONE,N,N,Keep default.,4000,Keep default,1000,100000,N,100,5678,Sat,42.06,Patricia Ag,Mtv,$15.85,$190.16,Robert Chang,"Mountain View, CA",(650) 965-8559,#37807884
Renters,95136,Brielle,Olsen,11/12/1990,f,5230 Terner Way,San Jose,CA,Y,RENTED HOUSE - SINGLE FAMILY,1,0,0,(408) 294-5333,luke.harrington@aol.com,N,N,N,Y,Y,N,NONE,N,N,Keep default.,4000,Keep default,1000,100000,N,100,91011,Tues,39.18,John Ag,Cupertino,$19.46,$233.52,Ashish Marwaha,"San Jose, CA",(408) 754-0603,#10626353
Renters,94086,Elizabeth,Buchanan,03/08/1990,f,180 Pasito Terrace,Sunnyvale,CA,Y,RENTED HOUSE - SINGLE FAMILY,1,0,0,(650) 592-3139,sophie.garner@hotmail.com,N,N,N,Y,Y,Y,NONE,N,N,Keep default.,4000,Keep default,1000,100000,N,100,91011,Tues,17.71,Patricia Ag,Cupertino,$14.73,$176.77,Thomas Keasler,"Sunnyvale, CA",(408) 738-2488,#06275335
Renters,95123,Sofie,Murphy,03/03/1988,m,6184 Cottle Rd,San Jose,CA,Y,RENTED HOUSE - SINGLE FAMILY,1,0,0,(415) 673-7545,hadley.gardner@hotmail.com,N,N,N,Y,N,N,NONE,N,N,Keep default.,4000,Keep default,1000,100000,N,100,1234,Mon,33.10,Martha Ag,Redwood City,$19.86,$238.29,Preeti Sehgal,"San Jose, CA",(408) 674-2935,#73822868
Renters,95123,Abigail,Holt,06/06/1986,f,1045 Coleman Rd,San Jose,CA,Y,RENTED HOUSE - SINGLE FAMILY,1,0,0,(415) 440-1155,elise.parks@gmail.com,N,N,N,Y,N,Y,NONE,N,N,Keep default.,4000,Keep default,1000,100000,N,100,91011,Mon,44.97,John Ag,Redwood City,$19.23,$230.77,Bin Lu,"San Jose, CA",(408) 728-9789,#69075215
Renters,95113,Sofia,Mcgee,03/08/1990,m,360 S Market St,San Jose,CA,Y,RENTED HOUSE - SINGLE FAMILY,1,0,0,(415) 647-6922,nicholas.watkins@gmail.com,N,N,Y,N,Y,N,NONE,N,N,Keep default.,4000,Keep default,1000,100000,N,100,1234,Sat,25.50,Patricia Ag,Redwood City,$17.77,$213.21,Mark Mead,"Clearlake Oaks, CA",(707) 998-0100,#82240819
Renters,94086,Jonah,Malone,02/04/1989,f,1035 Aster Ave,Sunnyvale,CA,Y,RENTED HOUSE - SINGLE FAMILY,1,0,0,(415) 487-1218,katte@outlook.com,N,N,Y,N,Y,Y,NONE,N,N,Keep default.,4000,Keep default,1000,100000,N,100,5678,Mon,21.38,Patricia Ag,Redwood City,$15.21,$182.52,Jyotisen Mody,"Milpitas, CA",(408) 726-5197,#96592423
Renters,94304,Landon,Navarro,05/06/1989,f,1600 Sand Hill Rd,Palo Alto,CA,Y,RENTED HOUSE - SINGLE FAMILY,1,0,0,(408) 998-2012,elise.parks@gmail.com,N,N,Y,N,N,N,NONE,N,N,Keep default.,4000,Keep default,1000,100000,N,100,5678,Tues,43.61,Martha Ag,Redwood City,$16.01,$192.12,Charlie Porter,"Menlo Park, CA",(650) 327-1313,#47068523
Renters,95054,Wyatt,Green,12/1/1988,f,1500 Vista Club Cir,Santa Clara,CA,Y,RENTED HOUSE - SINGLE FAMILY,1,0,0,(415) 505-2504,hadley.gardner@hotmail.com,N,N,Y,N,N,Y,NONE,N,N,Keep default.,4000,Keep default,1000,100000,N,100,91011,Sat,17.43,John Ag,Mtv,$15.52,$186.25,Lily Zhao,"San Jose, CA",(408) 398-4616,#60683744
Renters,95123,Hudson,Rice,06/06/1986,f,150 Palm Valley Blvd,San Jose,CA,Y,RENTED HOUSE - SINGLE FAMILY,1,0,0,(415) 989-1111,elise.parks@gmail.com,N,N,Y,Y,Y,N,NONE,N,N,Keep default.,4000,Keep default,1000,100000,N,100,1234,Mon,23.91,Patricia Ag,Cupertino,$19.46,$233.52,Bin Lu,"San Jose, CA",(408) 728-9789,#24119098
Renters,95125,Ruby,Banks,03/03/1988,m,3200 Rubino Dr,San Jose,CA,Y,RENTED HOUSE - SINGLE FAMILY,1,0,0,(510) 865-1139,luke.harrington@aol.com,N,N,Y,Y,Y,Y,NONE,N,N,Keep default.,4000,Keep default,1000,100000,N,100,91011,Mon,41.29,Patricia Ag,Redwood City,$18.84,$226.14,Vilai Yang,"Elk Grove, CA",(916) 684-9958,#97561880
Renters,95030,Eleanor,Osborne,03/27/1987,m,347 Massol Ave,Los Gatos,CA,Y,RENTED HOUSE - SINGLE FAMILY,1,0,0,(415) 230-1996,katte@outlook.com,N,N,Y,Y,N,N,NONE,N,N,Keep default.,4000,Keep default,1000,100000,N,100,91011,Sat,21.72,John Ag,Mtv,$15.52,$186.25,Mary Badame,"Los Gatos, CA",(408) 395-1113,#80332822
Renters,94086,Elsa,Pope,04/05/1990,f,243 Buena Vista Ave,Sunnyvale,CA,Y,RENTED HOUSE - SINGLE FAMILY,1,0,0,(707) 538-1516,katte@outlook.com,N,N,Y,Y,N,Y,NONE,N,N,Keep default.,4000,Keep default,1000,100000,N,100,1234,Tues,33.18,Martha Ag,Cupertino,$15.03,$180.37,Jason Schram,"Palo Alto, CA",(650) 522-0027,#54101642
Renters,95112,Brielle,Ball,04/05/1990,f,524 S 9th St,San Jose,CA,Y,RENTED HOUSE - SINGLE FAMILY,1,0,0,(831) 384-7159,sophie.garner@hotmail.com,N,Y,N,N,Y,N,NONE,N,N,Keep default.,4000,Keep default,1000,100000,N,100,91011,Tues,42.06,John Ag,Redwood City,$17.22,$206.69,Manuel Ayala,"San Jose, CA",(650) 278-6891,#98256620
Renters,94087,Holden,Pierce,07/31/1988,f,575 E Remington Dr,Sunnyvale,CA,Y,RENTED HOUSE - SINGLE FAMILY,1,0,0,(408) 288-7368,nicholas.watkins@gmail.com,N,Y,N,N,Y,Y,NONE,N,N,Keep default.,4000,Keep default,1000,100000,N,100,5678,Sat,40.81,Patricia Ag,Mtv,$15.21,$182.52,Yixing You,"Sunnyvale, CA",(408) 900-8961,#20578314
Renters,95008,Zander,Barnes,07/31/1988,m,2275 S Bascom Ave,Campbell,CA,Y,RENTED HOUSE - SINGLE FAMILY,1,0,0,(415) 923-6900,jonah.bauer@gmail.com,N,Y,N,N,N,N,NONE,N,N,Keep default.,4000,Keep default,1000,100000,N,100,91011,Sat,20.54,John Ag,Redwood City,$19.86,$238.29,Thu Nguyen,"San Jose, CA",(408) 258-8388,#93463087
Renters,95136,Jasper,Cobb,07/31/1988,m,4300 The Woods Dr,San Jose,CA,Y,RENTED HOUSE - SINGLE FAMILY,1,0,0,(510) 758-6874,sophie.garner@hotmail.com,N,Y,N,N,N,Y,NONE,N,N,Keep default.,4000,Keep default,1000,100000,N,100,5678,Tues,41.58,Patricia Ag,Redwood City,$19.86,$238.29,Ernest Dillard,"El Dorado Hills, CA",(916) 939-8553,#28063729
Renters,95035,Cora,Riley,03/27/1987,f,555 S Park Victoria Dr,Milpitas,CA,Y,RENTED HOUSE - SINGLE FAMILY,1,0,0,(619) 460-5241,sophie.garner@hotmail.com,N,Y,N,Y,Y,N,NONE,N,N,Keep default.,4000,Keep default,1000,100000,N,100,91011,Tues,19.97,Martha Ag,Mtv,$14.41,$172.92,Jevi Oclarit,"Milpitas, CA",(408) 854-4274,#57933170
Renters,94041,Declan,Logan,02/04/1989,m,151 Calderon Ave,Mountain View,CA,Y,RENTED HOUSE - SINGLE FAMILY,1,0,0,(619) 561-2320,luke.harrington@aol.com,N,Y,N,Y,Y,Y,NONE,N,N,Keep default.,4000,Keep default,1000,100000,N,100,5678,Mon,41.58,John Ag,Mtv,$14.41,$172.92,Lili Li,"Sunnyvale, CA",(650) 409-8999,#20272415
Renters,95126,Reese,Hines,12/1/1988,m,950 Meridian Ave,San Jose,CA,Y,RENTED HOUSE - SINGLE FAMILY,1,0,0,(415) 285-1231,katte@outlook.com,N,Y,N,Y,N,N,NONE,N,N,Keep default.,4000,Keep default,1000,100000,N,100,1234,Sat,27.54,John Ag,Redwood City,$18.81,$225.76,Tyler Carlin,"Orangevale, CA",(916) 988-5525,#03957616
Renters,95125,Eliana,Davis,12/1/1988,f,1776 Almaden Rd,San Jose,CA,Y,RENTED HOUSE - SINGLE FAMILY,1,0,0,(408) 728-9514,jonah.bauer@gmail.com,N,Y,N,Y,N,Y,NONE,N,N,Keep default.,4000,Keep default,1000,100000,N,100,5678,Tues,44.41,Patricia Ag,Mtv,$18.81,$225.76,Joe Angelini,"Half Moon Bay, CA",(650) 726-4818,#98331310
Renters,94089,Phoebe,Cummings,07/31/1988,m,1235 Wildwood Ave,Sunnyvale,CA,Y,RENTED HOUSE - SINGLE FAMILY,1,0,0,(831) 458-5042,sophie.garner@hotmail.com,N,Y,Y,N,Y,N,NONE,N,N,Keep default.,4000,Keep default,1000,100000,N,100,91011,Sat,18.00,John Ag,Redwood City,$15.21,$182.52,Anthony Mangiameli,"San Jose, CA",(408) 247-7833,#64482901
Renters,94086,Colton,Tran,03/03/1988,f,718 Old San Francisco Rd,Sunnyvale,CA,Y,RENTED HOUSE - SINGLE FAMILY,1,0,0,(415) 440-0550,amelia@aol.com,N,Y,Y,N,Y,Y,NONE,N,N,Keep default.,4000,Keep default,1000,100000,N,100,5678,Tues,17.43,Patricia Ag,Cupertino,$15.21,$182.52,Qing Sun,"Artesia, CA",(562) 810-0500,#31704917
Renters,95051,Ryder,Huff,04/05/1990,m,100 Buckingham Dr,Santa Clara,CA,Y,RENTED HOUSE - SINGLE FAMILY,1,0,0,(650) 591-6666,jonah.bauer@gmail.com,N,Y,Y,N,N,N,NONE,N,N,Keep default.,4000,Keep default,1000,100000,N,100,91011,Tues,22.24,Patricia Ag,Redwood City,$15.52,$186.25,Teketel Mulugeta,"San Jose, CA",(408) 249-8123,#40341375
Renters,95123,Emma,Sharp,03/27/1987,m,1045 Coleman Rd,San Jose,CA,Y,RENTED HOUSE - SINGLE FAMILY,1,0,0,(408) 257-1060,luke.harrington@aol.com,N,Y,Y,N,N,Y,NONE,N,N,Keep default.,4000,Keep default,1000,100000,N,100,91011,Mon,15.74,Martha Ag,Redwood City,$19.86,$238.29,Xochitl Nino,"San Jose, CA",(408) 224-0724,#63413823
Renters,94086,Sophie,Park,03/27/1987,f,1035 Aster Ave,Sunnyvale,CA,Y,RENTED HOUSE - SINGLE FAMILY,1,0,0,(858) 578-1632,luke.harrington@aol.com,N,Y,Y,Y,Y,N,NONE,N,N,Keep default.,4000,Keep default,1000,100000,N,100,5678,Mon,27.29,Martha Ag,Cupertino,$14.41,$172.92,Jyotisen Mody,"Milpitas, CA",(408) 726-5197,#00785041
Renters,95050,Conor,Romero,04/05/1990,f,431 El Camino Real,Santa Clara,CA,Y,RENTED HOUSE - SINGLE FAMILY,1,0,0,(831) 427-1991,elise.parks@gmail.com,N,Y,Y,Y,Y,Y,NONE,N,N,Keep default.,4000,Keep default,1000,100000,N,100,5678,Sat,34.20,Martha Ag,Mtv,$14.41,$172.92,Jason Medeiros,"Newark, CA",(925) 321-3082,#37179724
Renters,95054,Jace,Wong,04/05/1990,m,4500 Carlyle Ct,Santa Clara,CA,Y,RENTED HOUSE - SINGLE FAMILY,1,0,0,(415) 658-6604,sophie.garner@hotmail.com,N,Y,Y,Y,N,N,NONE,N,N,Keep default.,4000,Keep default,1000,100000,N,100,91011,Mon,40.77,Patricia Ag,Redwood City,$14.70,$176.45,Jessica Lim,"Santa Clara, CA",(408) 654-0170,#11373990
Renters,95125,Arianna,Diaz,12/1/1988,f,3200 Rubino Dr,San Jose,CA,Y,RENTED HOUSE - SINGLE FAMILY,1,0,0,(650) 756-1405,jonah.bauer@gmail.com,N,Y,Y,Y,N,Y,NONE,N,N,Keep default.,4000,Keep default,1000,100000,N,100,91011,Mon,41.58,Martha Ag,Mtv,$18.81,$225.76,Vilai Yang,"Elk Grove, CA",(916) 684-9958,#03493492
Renters,95138,Mason,Frazier,12/1/1988,f,6100 Monterey Hwy,San Jose,CA,Y,RENTED HOUSE - SINGLE FAMILY,1,0,0,(415) 615-9200,elise.parks@gmail.com,Y,N,N,N,Y,N,NONE,N,N,Keep default.,4000,Keep default,1000,100000,N,100,5678,Sat,31.05,Patricia Ag,Mtv,$18.44,$221.24,Thanh Nguyen,"San Jose, CA",(408) 300-0539,#73799185
Renters,95014,Milo,Mcdaniel,03/27/1987,f,19608 Pruneridge Ave,Cupertino,CA,Y,RENTED HOUSE - SINGLE FAMILY,1,0,0,(650) 968-8384,sophie.garner@hotmail.com,Y,N,N,N,Y,Y,NONE,N,N,Keep default.,4000,Keep default,1000,100000,N,100,1234,Sat,20.81,Martha Ag,Mtv,$13.93,$167.14,Robert Herzog,"Pleasanton, CA",(925) 734-0530,#95109796
Renters,95126,William,Gregory,11/12/1990,m,1201 Parkmoor Ave,San Jose,CA,Y,RENTED HOUSE - SINGLE FAMILY,1,0,0,(707) 766-6881,sophie.garner@hotmail.com,Y,N,N,N,N,N,NONE,N,N,Keep default.,4000,Keep default,1000,100000,N,100,5678,Tues,25.26,Patricia Ag,Cupertino,$18.81,$225.76,James Melin,"San Jose, CA",(408) 985-0500,#47163563
Renters,95050,Emily,Wong,03/03/1988,m,444 Saratoga Ave,Santa Clara,CA,Y,RENTED HOUSE - SINGLE FAMILY,1,0,0,(415) 956-8858,katte@outlook.com,Y,N,N,N,N,Y,NONE,N,N,Keep default.,4000,Keep default,1000,100000,N,100,5678,Mon,40.81,Patricia Ag,Cupertino,$14.21,$170.57,Bin Lu,"San Jose, CA",(408) 728-9789,#72869407
Renters,94040,Sofie,Obrien,02/04/1989,m,1200 Dale Ave,Mountain View,CA,Y,RENTED HOUSE - SINGLE FAMILY,1,0,0,(650) 854-3900,sophie.garner@hotmail.com,Y,N,N,Y,Y,N,NONE,N,N,Keep default.,4000,Keep default,1000,100000,N,100,1234,Mon,23.91,John Ag,Cupertino,$13.61,$163.30,Erich Stiegler,"Milpitas, CA",(408) 813-5348,#94312451
Renters,95134,Madelyn,Banks,03/03/1988,f,70 Descanso Dr,San Jose,CA,Y,RENTED HOUSE - SINGLE FAMILY,1,0,0,(650) 359-1757,katte@outlook.com,Y,N,N,Y,Y,Y,NONE,N,N,Keep default.,4000,Keep default,1000,100000,N,100,1234,Sat,26.85,Patricia Ag,Mtv,$13.13,$157.55,Jun Kim,"San Jose, CA",(408) 715-7784,#46297623
Renters,95123,Elijah,Torres,03/08/1990,m,1045 Coleman Rd,San Jose,CA,Y,RENTED HOUSE - SINGLE FAMILY,1,0,0,(877) 516-8284,nicholas.watkins@gmail.com,Y,N,N,Y,N,N,NONE,N,N,Keep default.,4000,Keep default,1000,100000,N,100,91011,Sat,22.76,Patricia Ag,Redwood City,$17.77,$213.21,Genaro Garza,"San Jose, CA",(408) 599-7424,#41195485
Renters,95134,David,Elliott,03/03/1988,m,150 Alicante Dr,San Jose,CA,Y,RENTED HOUSE - SINGLE FAMILY,1,0,0,(707) 648-1900,sophie.garner@hotmail.com,Y,N,N,Y,N,Y,NONE,N,N,Keep default.,4000,Keep default,1000,100000,N,100,5678,Sat,30.76,John Ag,Cupertino,$13.40,$160.77,Veronica Matute,"Santa Clara, CA",(408) 567-9045,#14986541
Renters,95008,Eliana,Mcguire,03/03/1988,m,200 Hollis Ave,Campbell,CA,Y,RENTED HOUSE - SINGLE FAMILY,1,0,0,(650) 264-9696,luke.harrington@aol.com,Y,N,Y,N,Y,N,NONE,N,N,Keep default.,4000,Keep default,1000,100000,N,100,5678,Mon,41.29,Martha Ag,Redwood City,$18.03,$216.32,Natalie Arola,"Campbell, CA",(408) 371-9500,#10237810
Renters,95050,Scarlet,Wall,02/04/1989,f,2200 Monroe St,Santa Clara,CA,Y,RENTED HOUSE - SINGLE FAMILY,1,0,0,(415) 781-9000,amelia@aol.com,Y,N,Y,N,Y,Y,NONE,N,N,Keep default.,4000,Keep default,1000,100000,N,100,1234,Mon,40.77,Martha Ag,Redwood City,$13.61,$163.30,Leny Bueno,"San Jose, CA",(408) 449-4871,#99757792
Renters,95113,Abigail,Trujillo,11/18/1989,m,360 S Market St,San Jose,CA,Y,RENTED HOUSE - SINGLE FAMILY,1,0,0,(415) 230-1996,amelia@aol.com,Y,N,Y,N,N,N,NONE,N,N,Keep default.,4000,Keep default,1000,100000,N,100,1234,Mon,43.55,Martha Ag,Mtv,$16.28,$195.36,Mark Mead,"Clearlake Oaks, CA",(707) 998-0100,#29525649
Renters,95054,Jude,Underwood,03/27/1987,f,1600 Nantucket Cir,Santa Clara,CA,Y,RENTED HOUSE - SINGLE FAMILY,1,0,0,(415) 777-4100,katte@outlook.com,Y,N,Y,N,N,Y,NONE,N,N,Keep default.,4000,Keep default,1000,100000,N,100,91011,Mon,34.20,Patricia Ag,Mtv,$13.89,$166.64,Tony Stoll,"San Jose, CA",(650) 200-5721,#50094792
Renters,95126,Jude,Davenport,06/06/1986,m,754 The Alameda,San Jose,CA,Y,RENTED HOUSE - SINGLE FAMILY,1,0,0,(603) 571-6274,katte@outlook.com,Y,N,Y,Y,Y,N,NONE,N,N,Keep default.,4000,Keep default,1000,100000,N,100,1234,Sat,23.50,John Ag,Cupertino,$17.41,$208.95,Dipika Vora,"San Ramon, CA",(408) 941-0094,#85323737
Renters,94087,Leila,Taylor,07/31/1988,m,575 E Remington Dr,Sunnyvale,CA,Y,RENTED HOUSE - SINGLE FAMILY,1,0,0,(888) 492-9765,elise.parks@gmail.com,Y,N,Y,Y,Y,Y,NONE,N,N,Keep default.,4000,Keep default,1000,100000,N,100,5678,Tues,26.85,John Ag,Cupertino,$13.13,$157.55,Rie Kawaguchi,"Sunnyvale, CA",(408) 738-8111,#14316237
Renters,95113,Owen,Stephens,03/08/1990,m,360 S Market St,San Jose,CA,Y,RENTED HOUSE - SINGLE FAMILY,1,0,0,(619) 280-4988,katte@outlook.com,Y,N,Y,Y,N,N,NONE,N,N,Keep default.,4000,Keep default,1000,100000,N,100,5678,Sat,38.30,Patricia Ag,Cupertino,$15.72,$188.70,Mark Mead,"Clearlake Oaks, CA",(707) 998-0100,#85190268
Renters,95035,Archer,Hardy,03/08/1990,m,755 E Capitol Ave,Milpitas,CA,Y,RENTED HOUSE - SINGLE FAMILY,1,0,0,(707) 361-4060,katte@outlook.com,Y,N,Y,Y,N,Y,NONE,N,N,Keep default.,4000,Keep default,1000,100000,N,100,1234,Sat,33.18,Patricia Ag,Mtv,$13.40,$160.77,Rudy Buitrago,"San Jose, CA",(408) 434-0640,#13912887
Renters,94086,Aaron,Salazar,03/03/1988,f,180 Pasito Terrace,Sunnyvale,CA,Y,RENTED HOUSE - SINGLE FAMILY,1,0,0,(415) 563-6333,amelia@aol.com,Y,Y,N,N,Y,N,NONE,N,N,Keep default.,4000,Keep default,1000,100000,N,100,5678,Mon,31.05,John Ag,Redwood City,$13.61,$163.30,Chong Chol Pak,"Sunnyvale, CA",(408) 542-9945,#84778982
Renters,95035,Mia,Francis,02/04/1989,f,440 Dixon Landing Rd,Milpitas,CA,Y,RENTED HOUSE - SINGLE FAMILY,1,0,0,(415) 345-4400,katte@outlook.com,Y,Y,N,N,Y,Y,NONE,N,N,Keep default.,4000,Keep default,1000,100000,N,100,5678,Mon,32.04,John Ag,Mtv,$13.61,$163.30,Thomas Truong,"Milpitas, CA",(408) 935-8888,#16192933
Renters,95125,Isabella,Gray,11/12/1990,f,1776 Almaden Rd,San Jose,CA,Y,RENTED HOUSE - SINGLE FAMILY,1,0,0,(619) 651-7000,jonah.bauer@gmail.com,Y,Y,N,N,N,N,NONE,N,N,Keep default.,4000,Keep default,1000,100000,N,100,91011,Mon,28.22,Martha Ag,Mtv,$17.77,$213.21,Joe Angelini,"Half Moon Bay, CA",(650) 726-4818,#35600502
Renters,95035,Nicholas,Wilkins,12/1/1988,f,555 S Park Victoria Dr,Milpitas,CA,Y,RENTED HOUSE - SINGLE FAMILY,1,0,0,(415) 626-3100,amelia@aol.com,Y,Y,N,N,N,Y,NONE,N,N,Keep default.,4000,Keep default,1000,100000,N,100,5678,Mon,15.14,John Ag,Cupertino,$13.89,$166.64,David Souza,"Milpitas, CA",(408) 262-7080,#01421249
Renters,94040,Alice,Love,03/03/1988,f,234 Escuela Ave,Mountain View,CA,Y,RENTED HOUSE - SINGLE FAMILY,1,0,0,(925) 452-7910,amelia@aol.com,Y,Y,N,Y,Y,N,NONE,N,N,Keep default.,4000,Keep default,1000,100000,N,100,91011,Sat,17.71,John Ag,Mtv,$12.81,$153.71,Jianhong Zhou,"Fremont, CA",(510) 656-1009,#09815760
Renters,94040,Khloe,Perkins,05/06/1989,m,1200 Dale Ave,Mountain View,CA,Y,RENTED HOUSE - SINGLE FAMILY,1,0,0,(650) 344-2510,sophie.garner@hotmail.com,Y,Y,N,Y,Y,Y,NONE,N,N,Keep default.,4000,Keep default,1000,100000,N,100,91011,Tues,41.55,Patricia Ag,Redwood City,$12.81,$153.71,Erich Stiegler,"Milpitas, CA",(408) 813-5348,#18114396
Renters,94087,Harrison,Daniels,03/27/1987,f,575 E Remington Dr,Sunnyvale,CA,Y,RENTED HOUSE - SINGLE FAMILY,1,0,0,(510) 215-2850,luke.harrington@aol.com,Y,Y,N,Y,N,N,NONE,N,N,Keep default.,4000,Keep default,1000,100000,N,100,91011,Tues,30.41,Martha Ag,Redwood City,$13.07,$156.84,Richard So,"Santa Clara, CA",(408) 249-7726,#11008110
Renters,94089,Jace,Roth,11/18/1989,m,1235 Wildwood Ave,Sunnyvale,CA,Y,RENTED HOUSE - SINGLE FAMILY,1,0,0,(877) 902-0832,sophie.garner@hotmail.com,Y,Y,N,Y,N,Y,NONE,N,N,Keep default.,4000,Keep default,1000,100000,N,100,5678,Sat,25.26,Martha Ag,Mtv,$13.07,$156.84,Anthony Mangiameli,"San Jose, CA",(408) 247-7833,#64078167
Renters,95014,Violet,Lynch,06/06/1986,f,7375 Rollingdell Dr,Cupertino,CA,Y,RENTED HOUSE - SINGLE FAMILY,1,0,0,(408) 848-3474,jonah.bauer@gmail.com,Y,Y,Y,N,Y,N,NONE,N,N,Keep default.,4000,Keep default,1000,100000,N,100,91011,Sat,25.26,Patricia Ag,Cupertino,$13.61,$163.30,John Williams,"San Jose, CA",(408) 227-2560,#90008109
Renters,95035,Thomas,Moreno,02/04/1989,f,440 Dixon Landing Rd,Milpitas,CA,Y,RENTED HOUSE - SINGLE FAMILY,1,0,0,(408) 377-2331,luke.harrington@aol.com,Y,Y,Y,N,Y,Y,NONE,N,N,Keep default.,4000,Keep default,1000,100000,N,100,1234,Mon,41.44,John Ag,Redwood City,$13.61,$163.30,Thomas Truong,"Milpitas, CA",(408) 935-8888,#21149275
Renters,95014,Ella,Owens,11/12/1990,m,5608 Stevens Creek Blvd,Cupertino,CA,Y,RENTED HOUSE - SINGLE FAMILY,1,0,0,(408) 599-5321,luke.harrington@aol.com,Y,Y,Y,N,N,N,NONE,N,N,Keep default.,4000,Keep default,1000,100000,N,100,1234,Tues,15.50,Patricia Ag,Cupertino,$13.89,$166.64,David Kelly,"Sacramento, CA",(916) 447-9797,#31298594
Renters,95014,Gideon,Mendez,03/08/1990,f,19608 Pruneridge Ave,Cupertino,CA,Y,RENTED HOUSE - SINGLE FAMILY,1,0,0,(415) 354-4506,katte@outlook.com,Y,Y,Y,N,N,Y,NONE,N,N,Keep default.,4000,Keep default,1000,100000,N,100,1234,Tues,27.29,Martha Ag,Mtv,$13.89,$166.64,Robert Herzog,"Pleasanton, CA",(925) 734-0530,#31406090
Renters,94086,Olivia,Ortiz,04/05/1990,f,555 E Washington Ave,Sunnyvale,CA,Y,RENTED HOUSE - SINGLE FAMILY,1,0,0,(760) 489-9272,sophie.garner@hotmail.com,Y,Y,Y,Y,Y,N,NONE,N,N,Keep default.,4000,Keep default,1000,100000,N,100,5678,Tues,42.34,Patricia Ag,Mtv,$12.81,$153.71,Jianhong Zhou,"Fremont, CA",(510) 656-1009,#65272179
Renters,95138,Aiden,Stanley,12/1/1988,m,6100 Monterey Hwy,San Jose,CA,Y,RENTED HOUSE - SINGLE FAMILY,1,0,0,(408) 549-1209,jonah.bauer@gmail.com,Y,Y,Y,Y,Y,Y,NONE,N,N,Keep default.,4000,Keep default,1000,100000,N,100,1234,Sat,18.61,John Ag,Redwood City,$16.39,$196.64,Delyna Vu,"San Jose, CA",(408) 531-8153,#29695167
Renters,94040,Hudson,Lane,04/05/1990,m,1200 Dale Ave,Mountain View,CA,Y,RENTED HOUSE - SINGLE FAMILY,1,0,0,(415) 404-7453,sophie.garner@hotmail.com,Y,Y,Y,Y,N,N,NONE,N,N,Keep default.,4000,Keep default,1000,100000,N,100,91011,Tues,44.41,John Ag,Cupertino,$13.07,$156.84,Erich Stiegler,"Milpitas, CA",(408) 813-5348,#21609599
Renters,95112,Griffin,Ferguson,03/08/1990,f,1700 N 1st St,San Jose,CA,Y,RENTED HOUSE - SINGLE FAMILY,1,0,0,(650) 994-2247,katte@outlook.com,Y,Y,Y,Y,N,Y,NONE,N,N,Keep default.,4000,Keep default,1000,100000,N,100,1234,Mon,29.93,John Ag,Mtv,$14.80,$177.59,Timothy Shannon,"Pasadena, CA",(800) 999-5729,#85908781
Renters,94040,Elise,Mcguire,07/31/1988,f,1200 Dale Ave,Mountain View,CA,N,RENTED HOUSE - SINGLE FAMILY,1,0,0,(650) 968-8384,katte@outlook.com,N,N,N,N,Y,N,NONE,N,N,Keep default.,4000,Keep default,1000,100000,N,100,5678,Tues,40.54,Patricia Ag,Redwood City,$18.84,$226.04,Erich Stiegler,"Milpitas, CA",(408) 813-5348,#83102427
Renters,95054,Charlotte,Townsend,07/31/1988,f,550 Moreland Way,Santa Clara,CA,N,RENTED HOUSE - SINGLE FAMILY,1,0,0,(650) 359-1757,nicholas.watkins@gmail.com,N,N,N,N,Y,N,NONE,N,N,Keep default.,4000,Keep default,1000,100000,Y,100,1234,Tues,26.88,John Ag,Cupertino,$24.25,$291.04,Stephen Larson,"Sacramento, CA",(916) 428-4520,#32862247
Renters,95125,Sebastian,Wheeler,03/03/1988,f,1776 Almaden Rd,San Jose,CA,N,RENTED HOUSE - SINGLE FAMILY,1,0,1,(415) 885-3333,nicholas.watkins@gmail.com,N,N,N,N,Y,N,NONE,N,N,Keep default.,4000,Keep default,1000,100000,N,100,5678,Tues,40.42,Patricia Ag,Mtv,$35.97,$431.64,Joe Angelini,"Half Moon Bay, CA",(650) 726-4818,#85125529
Renters,95054,Sebastien,Diaz,11/12/1990,m,502 Mansion Park Dr,Santa Clara,CA,N,RENTED HOUSE - SINGLE FAMILY,1,0,1,(415) 580-6272,hadley.gardner@hotmail.com,N,N,N,N,Y,N,NONE,N,N,Keep default.,4000,Keep default,1000,100000,Y,100,5678,Mon,25.26,John Ag,Redwood City,$33.53,$402.37,Fareh Khalid,"Sunnyvale, CA",(408) 377-8070,#36631069
Renters,95125,Graham,Anderson,07/31/1988,m,3200 Rubino Dr,San Jose,CA,N,RENTED HOUSE - SINGLE FAMILY,1,0,2,(877) 396-9296,katte@outlook.com,N,N,N,N,Y,N,NONE,N,N,Keep default.,4000,Keep default,1000,100000,N,100,1234,Tues,43.10,John Ag,Cupertino,$41.37,$496.38,Vilai Yang,"Elk Grove, CA",(916) 684-9958,#64847353
Renters,94087,Lucas,Meyer,11/18/1989,m,575 E Remington Dr,Sunnyvale,CA,N,RENTED HOUSE - SINGLE FAMILY,1,0,2,(408) 437-1900,sophie.garner@hotmail.com,N,N,N,N,Y,N,NONE,N,N,Keep default.,4000,Keep default,1000,100000,Y,100,91011,Tues,15.74,Patricia Ag,Mtv,$37.75,$452.98,Yu Wen Han,"Cupertino, CA",(408) 865-0365,#36699995
Renters,95128,Madeline,Turner,07/31/1988,f,500 S Winchester Blvd,San Jose,CA,N,RENTED HOUSE - SINGLE FAMILY,1,0,3,(619) 233-4787,katte@outlook.com,N,N,N,N,Y,N,NONE,N,N,Keep default.,4000,Keep default,1000,100000,N,100,91011,Tues,38.05,John Ag,Redwood City,$71.94,$863.26,Bindu Bhandari,"San Jose, CA",(408) 449-4818,#28963816
Renters,94040,Sadie,Carey,02/04/1989,m,575 S Rengstorff Ave,Mountain View,CA,N,RENTED HOUSE - SINGLE FAMILY,1,0,3,(650) 557-4116,katte@outlook.com,N,N,N,N,Y,N,NONE,N,N,Keep default.,4000,Keep default,1000,100000,Y,100,5678,Sat,30.41,Patricia Ag,Redwood City,$61.64,$739.73,Alex Wong,"Montebello, CA",(323) 212-3012,#06989616
Renters,95112,Ruby,Rose,12/1/1988,m,1700 N 1st St,San Jose,CA,N,RENTED HOUSE - SINGLE FAMILY,1,0,4,(408) 271-2600,elise.parks@gmail.com,N,N,N,N,Y,N,NONE,N,N,Keep default.,4000,Keep default,1000,100000,N,100,5678,Mon,17.71,Martha Ag,Cupertino,$79.59,$955.04,Timothy Shannon,"Pasadena, CA",(800) 999-5729,#03888300
Renters,95037,Evan,Ruiz,06/06/1986,m,15400 Vineyard Blvd,Morgan Hill,CA,N,RENTED HOUSE - SINGLE FAMILY,1,0,4,(619) 561-2320,elise.parks@gmail.com,N,N,N,N,Y,N,NONE,N,N,Keep default.,4000,Keep default,1000,100000,Y,100,5678,Tues,43.47,John Ag,Mtv,$145.99,"$1,751.83",Diem Pham,"San Jose, CA",(408) 900-7200,#89742736
