Insurance Type,Zip code,First name,Last name,Date of birth,Gender,Address,City,State,Auto insurance coverage?,Property Type,# units,# unrelated roommates,# property losses in last 3 years,Phone number,Email address,Fire Sprinkler System?,Central Fire & Burglar Alarm?,Local Fire / Smoke Alarm?,Home Security?,Non Smoking Household?,Local Burglar Alarm?,Unusual hazards?,Dogs that bite?,Run a business from home?,Start date,Personal property worth,Loss of use,Medical payments,Personal liability,Farmers Identity Protection,Deductible
Renters,94110,Gideon,Morgan,03/08/1990,m,3469 18th St,San Francisco,CA,N,RENTED HOUSE - SINGLE FAMILY,1,0,0,(408) 295-1360,katte@outlook.com,N,N,N,N,Y,N,NONE,N,N,Keep default.,4000,Keep default,1000,100000,N,100
Renters,94109,Lea,Wheeler,11/12/1990,m,952 Sutter St,San Francisco,CA,N,RENTED HOUSE - SINGLE FAMILY,1,0,0,(619) 284-5285,katte@outlook.com,N,N,N,N,Y,N,NONE,N,N,Keep default.,4000,Keep default,1000,100000,N,100
Renters,94704,Carter,Hicks,12/1/1988,m,2020 Kittredge St,Berkeley,CA,N,RENTED HOUSE - SINGLE FAMILY,1,0,0,(650) 425-3914,katte@outlook.com,N,N,N,N,Y,N,NONE,N,N,Keep default.,4000,Keep default,1000,100000,N,100
Renters,94117,Wyatt,Ochoa,03/27/1987,f,783 Buena Vista Ave W,San Francisco,CA,N,RENTED HOUSE - SINGLE FAMILY,1,0,0,(415) 981-5780,katte@outlook.com,N,N,N,N,Y,N,NONE,N,N,Keep default.,4000,Keep default,1000,100000,N,100
Renters,94542,Vivienne,Harris,06/06/1986,m,25200 Carlos Bee Blvd,Hayward,CA,N,RENTED HOUSE - SINGLE FAMILY,1,0,0,(408) 502-5355,katte@outlook.com,N,N,N,N,Y,N,NONE,N,N,Keep default.,4000,Keep default,1000,100000,N,100
Renters,94114,Ella,Pena,03/08/1990,f,3904 17th St,San Francisco,CA,N,RENTED HOUSE - SINGLE FAMILY,1,0,0,(650) 591-1143,katte@outlook.com,N,N,N,N,Y,N,NONE,N,N,Keep default.,4000,Keep default,1000,100000,N,100
Renters,94501,Amelia,Knight,07/31/1988,f,564 Central Ave,Alameda,CA,N,RENTED HOUSE - SINGLE FAMILY,1,0,0,(408) 216-8947,katte@outlook.com,N,N,N,N,Y,N,NONE,N,N,Keep default.,4000,Keep default,1000,100000,N,100
Renters,94107,Evangeline,Jones,12/1/1988,m,3 Bayside Village Pl,San Francisco,CA,N,RENTED HOUSE - SINGLE FAMILY,1,0,0,(415) 861-3333,katte@outlook.com,N,N,N,N,Y,N,NONE,N,N,Keep default.,4000,Keep default,1000,100000,N,100
Renters,94803,Emily,Gross,03/03/1988,f,3535 El Portal Dr,El Sobrante,CA,N,RENTED HOUSE - SINGLE FAMILY,1,0,0,(650) 265-2120,katte@outlook.com,N,N,N,N,Y,N,NONE,N,N,Keep default.,4000,Keep default,1000,100000,N,100
Renters,94105,Conner,Guerra,07/31/1988,m,680 Mission St,San Francisco,CA,N,RENTED HOUSE - SINGLE FAMILY,1,0,0,(510) 865-2875,katte@outlook.com,N,N,N,N,Y,N,NONE,N,N,Keep default.,4000,Keep default,1000,100000,N,100
Renters,94109,Milo,Rivas,04/05/1990,m,1100 Gough St,San Francisco,CA,N,RENTED HOUSE - SINGLE FAMILY,1,0,0,(415) 334-1880,katte@outlook.com,N,N,N,N,Y,N,NONE,N,N,Keep default.,4000,Keep default,1000,100000,N,100
Renters,94002,Joshua,Douglas,04/05/1990,f,2515 Carlmont Dr,Belmont,CA,N,RENTED HOUSE - SINGLE FAMILY,1,0,0,(415) 615-9200,katte@outlook.com,N,N,N,N,Y,N,NONE,N,N,Keep default.,4000,Keep default,1000,100000,N,100
Renters,94103,Jackson,Cohen,03/03/1988,m,1188 Mission St,San Francisco,CA,N,RENTED HOUSE - SINGLE FAMILY,1,0,0,(619) 463-5393,katte@outlook.com,N,N,N,N,Y,N,NONE,N,N,Keep default.,4000,Keep default,1000,100000,N,100
Renters,94545,Nora,Griffin,03/08/1990,f,25800 Industrial Blvd.,Hayward,CA,N,RENTED HOUSE - SINGLE FAMILY,1,0,0,(866) 451-2806,katte@outlook.com,N,N,N,N,Y,N,NONE,N,N,Keep default.,4000,Keep default,1000,100000,N,100
Renters,94107,Lily,Craig,04/05/1990,f,1 St Francis Pl,San Francisco,CA,N,RENTED HOUSE - SINGLE FAMILY,1,0,0,(415) 491-1125,katte@outlook.com,N,N,N,N,Y,N,NONE,N,N,Keep default.,4000,Keep default,1000,100000,N,100
Renters,94105,Archer,Shaffer,12/1/1988,f,388 Beale Street,San Francisco,CA,N,RENTED HOUSE - SINGLE FAMILY,1,0,0,(831) 373-1025,katte@outlook.com,N,N,N,N,Y,N,NONE,N,N,Keep default.,4000,Keep default,1000,100000,N,100
Renters,94105,Mason,Pope,04/05/1990,f,88 Howard St,San Francisco,CA,N,RENTED HOUSE - SINGLE FAMILY,1,0,0,(858) 693-1175,katte@outlook.com,N,N,N,N,Y,N,NONE,N,N,Keep default.,4000,Keep default,1000,100000,N,100
Renters,94105,Everly,Powers,03/08/1990,f,121 Spear St B18,San Francisco,CA,N,RENTED HOUSE - SINGLE FAMILY,1,0,0,(415) 615-9200,katte@outlook.com,N,N,N,N,Y,N,NONE,N,N,Keep default.,4000,Keep default,1000,100000,N,100
Renters,94109,Cole,Mcguire,11/18/1989,f,1609 Franklin St,San Francisco,CA,N,RENTED HOUSE - SINGLE FAMILY,1,0,0,(866) 671-1752,katte@outlook.com,N,N,N,N,Y,N,NONE,N,N,Keep default.,4000,Keep default,1000,100000,N,100
Renters,94109,James,Paul,03/08/1990,m,1388 Sutter St 11,San Francisco,CA,N,RENTED HOUSE - SINGLE FAMILY,1,0,0,(877) 268-2574,katte@outlook.com,N,N,N,N,Y,N,NONE,N,N,Keep default.,4000,Keep default,1000,100000,N,100
Renters,94103,Seth,Roth,07/31/1988,f,44 Gough St 202,San Francisco,CA,N,RENTED HOUSE - SINGLE FAMILY,1,0,0,(415) 924-1196,katte@outlook.com,N,N,N,N,Y,N,NONE,N,N,Keep default.,4000,Keep default,1000,100000,N,100
Renters,94704,Kole,Holt,04/05/1990,f,2230 Durant Ave  103,Berkeley,CA,N,RENTED HOUSE - SINGLE FAMILY,1,0,0,(415) 552-9443,katte@outlook.com,N,N,N,N,Y,N,NONE,N,N,Keep default.,4000,Keep default,1000,100000,N,100
Renters,94596,Ella,Reese,11/12/1990,f,1200 Newell Hill Pl,Walnut Creek,CA,N,RENTED HOUSE - SINGLE FAMILY,1,0,0,(408) 733-2306,katte@outlook.com,N,N,N,N,Y,N,NONE,N,N,Keep default.,4000,Keep default,1000,100000,N,100
Renters,94404,Matthew,Luna,03/03/1988,m,808 Comet Dr,Foster City,CA,N,RENTED HOUSE - SINGLE FAMILY,1,0,0,(707) 361-4060,katte@outlook.com,N,N,N,N,Y,N,NONE,N,N,Keep default.,4000,Keep default,1000,100000,N,100
Renters,94115,Dominick,Nelson,07/31/1988,f,1475 Fillmore St,San Francisco,CA,N,RENTED HOUSE - SINGLE FAMILY,1,0,0,(415) 861-9981,katte@outlook.com,N,N,N,N,Y,N,NONE,N,N,Keep default.,4000,Keep default,1000,100000,N,100
Renters,94510,Joseph,Lara,03/03/1988,f,801 Southampton Rd,Benicia,CA,N,RENTED HOUSE - SINGLE FAMILY,1,0,0,(619) 610-0954,katte@outlook.com,N,N,N,N,Y,N,NONE,N,N,Keep default.,4000,Keep default,1000,100000,N,100
Renters,94806,Jase,Serrano,11/18/1989,f,2490 Lancaster Dr,Richmond,CA,N,RENTED HOUSE - SINGLE FAMILY,1,0,0,(408) 866-1005,katte@outlook.com,N,N,N,N,Y,N,NONE,N,N,Keep default.,4000,Keep default,1000,100000,N,100
Renters,94132,Leo,Simmons,11/18/1989,m,3711 19th Ave,San Francisco,CA,N,RENTED HOUSE - SINGLE FAMILY,1,0,0,(408) 502-5355,katte@outlook.com,N,N,N,N,Y,N,NONE,N,N,Keep default.,4000,Keep default,1000,100000,N,100
Renters,94102,Wyatt,Becker,03/08/1990,m,1 Polk St,San Francisco,CA,N,RENTED HOUSE - SINGLE FAMILY,1,0,0,(415) 474-5333,katte@outlook.com,N,N,N,N,Y,N,NONE,N,N,Keep default.,4000,Keep default,1000,100000,N,100
Renters,94123,Rhys,Crawford,05/06/1989,f,1550 Bay St,San Francisco,CA,N,RENTED HOUSE - SINGLE FAMILY,1,0,0,(619) 284-5285,katte@outlook.com,N,N,N,N,Y,N,NONE,N,N,Keep default.,4000,Keep default,1000,100000,N,100
Renters,94109,Tessa,Long,03/03/1988,m,1560 Van Ness Ave,San Francisco,CA,N,RENTED HOUSE - SINGLE FAMILY,1,0,0,(650) 589-2909,katte@outlook.com,N,N,N,N,Y,N,NONE,N,N,Keep default.,4000,Keep default,1000,100000,N,100
Renters,94549,Aaron,Chandler,02/04/1989,f,949 East St,Lafayette,CA,N,RENTED HOUSE - SINGLE FAMILY,1,0,0,(415) 777-4100,katte@outlook.com,N,N,N,N,Y,N,NONE,N,N,Keep default.,4000,Keep default,1000,100000,N,100
Renters,94801,Jace,Fields,11/18/1989,f,400 Harbour Way,Richmond,CA,N,RENTED HOUSE - SINGLE FAMILY,1,0,0,(510) 540-5454,katte@outlook.com,N,N,N,N,Y,N,NONE,N,N,Keep default.,4000,Keep default,1000,100000,N,100
Renters,94109,Thomas,Campbell,02/04/1989,m,888 OFarrell St,San Francisco,CA,N,RENTED HOUSE - SINGLE FAMILY,1,0,0,(408) 225-8648,katte@outlook.com,N,N,N,N,Y,N,NONE,N,N,Keep default.,4000,Keep default,1000,100000,N,100
Renters,94043,Dillan,Perry,07/31/1988,m,555 W Middlefield Rd,Mountain View,CA,N,RENTED HOUSE - SINGLE FAMILY,1,0,0,(415) 777-4100,katte@outlook.com,N,N,N,N,Y,N,NONE,N,N,Keep default.,4000,Keep default,1000,100000,N,100
Renters,94158,Elliot,Cortez,05/06/1989,f,355 Berry St,San Francisco,CA,N,RENTED HOUSE - SINGLE FAMILY,1,0,0,(650) 425-3914,katte@outlook.com,N,N,N,N,Y,N,NONE,N,N,Keep default.,4000,Keep default,1000,100000,N,100
Renters,94103,Sophia,Luna,06/06/1986,m,1045 Mission St,San Francisco,CA,N,RENTED HOUSE - SINGLE FAMILY,1,0,0,(415) 626-6900,katte@outlook.com,N,N,N,N,Y,N,NONE,N,N,Keep default.,4000,Keep default,1000,100000,N,100
Renters,94086,Natalie,Howard,04/05/1990,f,1035 Aster Ave,Sunnyvale,CA,N,RENTED HOUSE - SINGLE FAMILY,1,0,0,(408) 441-7600,katte@outlook.com,N,N,N,N,Y,N,NONE,N,N,Keep default.,4000,Keep default,1000,100000,N,100
Renters,94107,Madelynn,Howard,05/06/1989,m,255 King St,San Francisco,CA,N,RENTED HOUSE - SINGLE FAMILY,1,0,0,(877) 713-3956,katte@outlook.com,N,N,N,N,Y,N,NONE,N,N,Keep default.,4000,Keep default,1000,100000,N,100
Renters,94111,Sofia,Brewer,12/1/1988,m,460 Davis Ct,San Francisco,CA,N,RENTED HOUSE - SINGLE FAMILY,1,0,0,(415) 492-9660,katte@outlook.com,N,N,N,N,Y,N,NONE,N,N,Keep default.,4000,Keep default,1000,100000,N,100
Renters,94501,Reece,Erickson,07/31/1988,m,550 Central Ave  301,Alameda,CA,N,RENTED HOUSE - SINGLE FAMILY,1,0,0,(510) 886-1055,katte@outlook.com,N,N,N,N,Y,N,NONE,N,N,Keep default.,4000,Keep default,1000,100000,N,100
Renters,94104,Ezra,Hayes,06/06/1986,m,690 Market St,San Francisco,CA,N,RENTED HOUSE - SINGLE FAMILY,1,0,0,(408) 445-5211,katte@outlook.com,N,N,N,N,Y,N,NONE,N,N,Keep default.,4000,Keep default,1000,100000,N,100
Renters,94108,Isaac,Hernandez,11/12/1990,m,706 Kearny St,San Francisco,CA,N,RENTED HOUSE - SINGLE FAMILY,1,0,0,(831) 384-7159,katte@outlook.com,N,N,N,N,Y,N,NONE,N,N,Keep default.,4000,Keep default,1000,100000,N,100
Renters,94066,Addyson,Juarez,11/12/1990,m,3815 Susan Dr,San Bruno,CA,N,RENTED HOUSE - SINGLE FAMILY,1,0,0,(408) 216-8947,katte@outlook.com,N,N,N,N,Y,N,NONE,N,N,Keep default.,4000,Keep default,1000,100000,N,100
Renters,94549,Scarlett,Oliver,02/04/1989,m,3520 Brook St,Lafayette,CA,N,RENTED HOUSE - SINGLE FAMILY,1,0,0,(408) 377-2331,katte@outlook.com,N,N,N,N,Y,N,NONE,N,N,Keep default.,4000,Keep default,1000,100000,N,100
Renters,94108,Samuel,Osborne,04/05/1990,f,47 Kearny St,San Francisco,CA,N,RENTED HOUSE - SINGLE FAMILY,1,0,0,(858) 565-0311,katte@outlook.com,N,N,N,N,Y,N,NONE,N,N,Keep default.,4000,Keep default,1000,100000,N,100
Renters,94806,Dominick,Morton,06/06/1986,m,2300 Lancaster Dr,Richmond,CA,N,RENTED HOUSE - SINGLE FAMILY,1,0,0,(408) 241-1445,katte@outlook.com,N,N,N,N,Y,N,NONE,N,N,Keep default.,4000,Keep default,1000,100000,N,100
Renters,94109,Jonah,Webster,06/06/1986,m,400 Hyde St  101,San Francisco,CA,N,RENTED HOUSE - SINGLE FAMILY,1,0,0,(415) 421-4333,katte@outlook.com,N,N,N,N,Y,N,NONE,N,N,Keep default.,4000,Keep default,1000,100000,N,100
Renters,94114,Layla,Harmon,02/04/1989,m,4058 17th St,San Francisco,CA,N,RENTED HOUSE - SINGLE FAMILY,1,0,0,(858) 578-1632,katte@outlook.com,N,N,N,N,Y,N,NONE,N,N,Keep default.,4000,Keep default,1000,100000,N,100
Renters,94102,Matthew,Bridges,04/05/1990,f,835 Turk St,San Francisco,CA,N,RENTED HOUSE - SINGLE FAMILY,1,0,0,(760) 208-2785,katte@outlook.com,N,N,N,N,Y,N,NONE,N,N,Keep default.,4000,Keep default,1000,100000,N,100
Renters,94133,Izabella,Morrison,03/27/1987,m,2211 Stockton St,San Francisco,CA,N,RENTED HOUSE - SINGLE FAMILY,1,0,0,(415) 921-1969,katte@outlook.com,N,N,N,N,Y,N,NONE,N,N,Keep default.,4000,Keep default,1000,100000,N,100
Renters,94115,Nicolas,Stephens,03/08/1990,f,1489 Webster St  101,San Francisco,CA,N,RENTED HOUSE - SINGLE FAMILY,1,0,0,(855) 802-6683,katte@outlook.com,N,N,N,N,Y,N,NONE,N,N,Keep default.,4000,Keep default,1000,100000,N,100
Renters,94133,Henry,Dawson,03/08/1990,f,2140 Taylor St,San Francisco,CA,N,RENTED HOUSE - SINGLE FAMILY,1,0,0,(408) 227-3700,katte@outlook.com,N,N,N,N,Y,N,NONE,N,N,Keep default.,4000,Keep default,1000,100000,N,100
Renters,94015,Graham,Ford,11/18/1989,f,862 Campus Dr,Daly City,CA,N,RENTED HOUSE - SINGLE FAMILY,1,0,0,(415) 491-1125,katte@outlook.com,N,N,N,N,Y,N,NONE,N,N,Keep default.,4000,Keep default,1000,100000,N,100
Renters,94107,Jakob,Berry,03/27/1987,f,574 3rd St 101,San Francisco,CA,N,RENTED HOUSE - SINGLE FAMILY,1,0,0,(415) 400-5295,katte@outlook.com,N,N,N,N,Y,N,NONE,N,N,Keep default.,4000,Keep default,1000,100000,N,100
Renters,94115,Savanna,Larson,12/1/1988,f,2799 California St,San Francisco,CA,N,RENTED HOUSE - SINGLE FAMILY,1,0,0,(408) 384-8887,katte@outlook.com,N,N,N,N,Y,N,NONE,N,N,Keep default.,4000,Keep default,1000,100000,N,100
Renters,94107,Lillian,Nicholson,11/18/1989,f,2235 3rd St,San Francisco,CA,N,RENTED HOUSE - SINGLE FAMILY,1,0,0,(408) 946-2955,katte@outlook.com,N,N,N,N,Y,N,NONE,N,N,Keep default.,4000,Keep default,1000,100000,N,100
Renters,94402,Evangeline,Bradley,06/06/1986,m,10 De Sabla Rd,San Mateo,CA,N,RENTED HOUSE - SINGLE FAMILY,1,0,0,(877) 516-8284,katte@outlook.com,N,N,N,N,Y,N,NONE,N,N,Keep default.,4000,Keep default,1000,100000,N,100
Renters,94520,Madelynn,Fowler,06/06/1986,m,1491 Detroit Ave,Concord,CA,N,RENTED HOUSE - SINGLE FAMILY,1,0,0,(619) 561-2320,katte@outlook.com,N,N,N,N,Y,N,NONE,N,N,Keep default.,4000,Keep default,1000,100000,N,100
Renters,94015,William,Rhodes,11/12/1990,m,333 Park Plaza Dr,Daly City,CA,N,RENTED HOUSE - SINGLE FAMILY,1,0,0,(408) 996-1006,katte@outlook.com,N,N,N,N,Y,N,NONE,N,N,Keep default.,4000,Keep default,1000,100000,N,100
Renters,95035,Vivien,Powers,02/04/1989,f,440 Dixon Landing Rd,Milpitas,CA,N,RENTED HOUSE - SINGLE FAMILY,1,0,0,(858) 693-1175,katte@outlook.com,N,N,N,N,Y,N,NONE,N,N,Keep default.,4000,Keep default,1000,100000,N,100
Renters,95051,Carter,Alexander,04/05/1990,f,101 Saratoga Ave,Santa Clara,CA,N,RENTED HOUSE - SINGLE FAMILY,1,0,0,(408) 255-6750,katte@outlook.com,N,N,N,N,Y,N,NONE,N,N,Keep default.,4000,Keep default,1000,100000,N,100
Renters,95050,Ryder,Garza,11/12/1990,m,1599 Warburton Ave,Santa Clara,CA,N,RENTED HOUSE - SINGLE FAMILY,1,0,0,(831) 240-0330,katte@outlook.com,N,N,N,N,Y,N,NONE,N,N,Keep default.,4000,Keep default,1000,100000,N,100
Renters,94536,Victoria,Swanson,12/1/1988,m,38660 Hastings St  109,Fremont,CA,N,RENTED HOUSE - SINGLE FAMILY,1,0,0,(650) 952-3727,katte@outlook.com,N,N,N,N,Y,N,NONE,N,N,Keep default.,4000,Keep default,1000,100000,N,100
Renters,94085,Bennett,Fletcher,11/12/1990,m,330 N Mathilda Ave,Sunnyvale,CA,N,RENTED HOUSE - SINGLE FAMILY,1,0,0,(866) 837-6172,katte@outlook.com,N,N,N,N,Y,N,NONE,N,N,Keep default.,4000,Keep default,1000,100000,N,100
Renters,94025,Anastasia,Tate,11/12/1990,m,350 Sharon Park Dr,Menlo Park,CA,N,RENTED HOUSE - SINGLE FAMILY,1,0,0,(619) 670-6400,katte@outlook.com,N,N,N,N,Y,N,NONE,N,N,Keep default.,4000,Keep default,1000,100000,N,100
Renters,94085,Grayson,Cole,03/27/1987,m,355 N Wolfe Rd,Sunnyvale,CA,N,RENTED HOUSE - SINGLE FAMILY,1,0,0,(760) 291-8098,katte@outlook.com,N,N,N,N,Y,N,NONE,N,N,Keep default.,4000,Keep default,1000,100000,N,100
Renters,94538,Cora,Christensen,03/08/1990,f,39600 Fremont Blvd,Fremont,CA,N,RENTED HOUSE - SINGLE FAMILY,1,0,0,(707) 653-5931,katte@outlook.com,N,N,N,N,Y,N,NONE,N,N,Keep default.,4000,Keep default,1000,100000,N,100
Renters,95054,Oliver,Carlson,05/06/1989,f,1600 Nantucket Cir,Santa Clara,CA,N,RENTED HOUSE - SINGLE FAMILY,1,0,0,(619) 479-6565,katte@outlook.com,N,N,N,N,Y,N,NONE,N,N,Keep default.,4000,Keep default,1000,100000,N,100
Renters,94544,Jane,Flowers,06/06/1986,f,605 Orchard Ave,Hayward,CA,N,RENTED HOUSE - SINGLE FAMILY,1,0,0,(707) 745-3000,katte@outlook.com,N,N,N,N,Y,N,NONE,N,N,Keep default.,4000,Keep default,1000,100000,N,100
Renters,95050,Dillon,Holland,05/06/1989,f,444 Saratoga Ave,Santa Clara,CA,N,RENTED HOUSE - SINGLE FAMILY,1,0,0,(408) 988-7500,katte@outlook.com,N,N,N,N,Y,N,NONE,N,N,Keep default.,4000,Keep default,1000,100000,N,100
Renters,94086,Autumn,Baldwin,05/06/1989,m,201 W California Ave,Sunnyvale,CA,N,RENTED HOUSE - SINGLE FAMILY,1,0,0,(415) 474-0333,katte@outlook.com,N,N,N,N,Y,N,NONE,N,N,Keep default.,4000,Keep default,1000,100000,N,100
Renters,94553,Tessa,Cannon,03/27/1987,m,486 Morello Ave,Martinez,CA,N,RENTED HOUSE - SINGLE FAMILY,1,0,0,(925) 452-7910,katte@outlook.com,N,N,N,N,Y,N,NONE,N,N,Keep default.,4000,Keep default,1000,100000,N,100
Renters,94544,Delilah,Pearson,05/06/1989,m,575 Berry Ave,Hayward,CA,N,RENTED HOUSE - SINGLE FAMILY,1,0,0,(650) 372-8336,katte@outlook.com,N,N,N,N,Y,N,NONE,N,N,Keep default.,4000,Keep default,1000,100000,N,100
Renters,95008,Chloe,Warren,11/18/1989,f,1630 W Campbell Ave,Campbell,CA,N,RENTED HOUSE - SINGLE FAMILY,1,0,0,(408) 599-5321,katte@outlook.com,N,N,N,N,Y,N,NONE,N,N,Keep default.,4000,Keep default,1000,100000,N,100
Renters,94403,Rhys,Rowe,03/08/1990,m,203 Laurie Meadows Dr,San Mateo,CA,N,RENTED HOUSE - SINGLE FAMILY,1,0,0,(831) 384-7159,katte@outlook.com,N,N,N,N,Y,N,NONE,N,N,Keep default.,4000,Keep default,1000,100000,N,100
Renters,94553,Mathew,Black,07/31/1988,m,900 Roanoke Dr,Martinez,CA,N,RENTED HOUSE - SINGLE FAMILY,1,0,0,(408) 298-9988,katte@outlook.com,N,N,N,N,Y,N,NONE,N,N,Keep default.,4000,Keep default,1000,100000,N,100
Renters,94578,Miles,Weaver,05/06/1989,m,4170 Springlake Dr,San Leandro,CA,N,RENTED HOUSE - SINGLE FAMILY,1,0,0,(415) 957-5887,katte@outlook.com,N,N,N,N,Y,N,NONE,N,N,Keep default.,4000,Keep default,1000,100000,N,100
Renters,94112,Madelynn,Davis,03/03/1988,f,1200 Ocean Ave,San Francisco,CA,N,RENTED HOUSE - SINGLE FAMILY,1,0,0,(415) 701-8366,katte@outlook.com,N,N,N,N,Y,N,NONE,N,N,Keep default.,4000,Keep default,1000,100000,N,100
Renters,94403,Thomas,Barton,11/18/1989,m,3055 La Selva,San Mateo,CA,N,RENTED HOUSE - SINGLE FAMILY,1,0,0,(602) 427-2752,katte@outlook.com,N,N,N,N,Y,N,NONE,N,N,Keep default.,4000,Keep default,1000,100000,N,100
Renters,94087,Madelyn,Coleman,03/08/1990,m,1032 W Remington Dr,Sunnyvale,CA,N,RENTED HOUSE - SINGLE FAMILY,1,0,0,(844) 328-9442,katte@outlook.com,N,N,N,N,Y,N,NONE,N,N,Keep default.,4000,Keep default,1000,100000,N,100
Renters,94132,Elliott,George,11/12/1990,m,2633 Ocean Ave,San Francisco,CA,N,RENTED HOUSE - SINGLE FAMILY,1,0,0,(415) 230-1996,katte@outlook.com,N,N,N,N,Y,N,NONE,N,N,Keep default.,4000,Keep default,1000,100000,N,100
Renters,94304,Emma,Kennedy,12/1/1988,m,1600 Sand Hill Rd,Palo Alto,CA,N,RENTED HOUSE - SINGLE FAMILY,1,0,0,(408) 971-9397,katte@outlook.com,N,N,N,N,Y,N,NONE,N,N,Keep default.,4000,Keep default,1000,100000,N,100
Renters,94080,Hudson,Hunter,03/27/1987,f,852 Antoinette Ln,South San Francisco,CA,N,RENTED HOUSE - SINGLE FAMILY,1,0,0,(408) 923-3200,katte@outlook.com,N,N,N,N,Y,N,NONE,N,N,Keep default.,4000,Keep default,1000,100000,N,100
Renters,94404,Madeline,Harrison,11/18/1989,f,900 E Hillsdale Blvd,Foster City,CA,N,RENTED HOUSE - SINGLE FAMILY,1,0,0,(760) 434-6161,katte@outlook.com,N,N,N,N,Y,N,NONE,N,N,Keep default.,4000,Keep default,1000,100000,N,100
Renters,94404,Emilia,Ward,03/27/1987,f,777 Shell Blvd,Foster City,CA,N,RENTED HOUSE - SINGLE FAMILY,1,0,0,(619) 293-3888,katte@outlook.com,N,N,N,N,Y,N,NONE,N,N,Keep default.,4000,Keep default,1000,100000,N,100
Renters,95014,Claire,Gardner,11/18/1989,f,5608 Stevens Creek Blvd,Cupertino,CA,N,RENTED HOUSE - SINGLE FAMILY,1,0,0,(408) 733-4733,katte@outlook.com,N,N,N,N,Y,N,NONE,N,N,Keep default.,4000,Keep default,1000,100000,N,100
Renters,94549,Hanna,Cervantes,03/27/1987,m,1076 Carol Ln,Lafayette,CA,N,RENTED HOUSE - SINGLE FAMILY,1,0,0,(877) 902-0832,katte@outlook.com,N,N,N,N,Y,N,NONE,N,N,Keep default.,4000,Keep default,1000,100000,N,100
Renters,95014,Elliott,Mullins,02/04/1989,m,20800 Homestead Rd,Cupertino,CA,N,RENTED HOUSE - SINGLE FAMILY,1,0,0,(415) 821-7280,katte@outlook.com,N,N,N,N,Y,N,NONE,N,N,Keep default.,4000,Keep default,1000,100000,N,100
Renters,94044,August,Roman,11/12/1990,m,380 Esplanade Ave,Pacifica,CA,N,RENTED HOUSE - SINGLE FAMILY,1,0,0,(650) 425-3914,katte@outlook.com,N,N,N,N,Y,N,NONE,N,N,Keep default.,4000,Keep default,1000,100000,N,100
Renters,94404,Milo,Arnold,06/06/1986,m,700 Marlin Ave,Foster City,CA,N,RENTED HOUSE - SINGLE FAMILY,1,0,0,(619) 670-6400,katte@outlook.com,N,N,N,N,Y,N,NONE,N,N,Keep default.,4000,Keep default,1000,100000,N,100
Renters,94014,Addison,Griffin,11/12/1990,m,415 A St 101,Daly City,CA,N,RENTED HOUSE - SINGLE FAMILY,1,0,0,(408) 599-5321,katte@outlook.com,N,N,N,N,Y,N,NONE,N,N,Keep default.,4000,Keep default,1000,100000,N,100
Renters,94080,Evan,Lamb,11/18/1989,m,101 McLellan Drive,South San Francisco,CA,N,RENTED HOUSE - SINGLE FAMILY,1,0,0,(858) 587-9997,katte@outlook.com,N,N,N,N,Y,N,NONE,N,N,Keep default.,4000,Keep default,1000,100000,N,100
Renters,95054,Rhys,Rodgers,03/27/1987,m,4500 Carlyle Ct,Santa Clara,CA,N,RENTED HOUSE - SINGLE FAMILY,1,0,0,(415) 885-3333,katte@outlook.com,N,N,N,N,Y,N,NONE,N,N,Keep default.,4000,Keep default,1000,100000,N,100
Renters,94040,Isabella,Alexander,02/04/1989,m,575 S Rengstorff Ave,Mountain View,CA,N,RENTED HOUSE - SINGLE FAMILY,1,0,0,(408) 378-7188,katte@outlook.com,N,N,N,N,Y,N,NONE,N,N,Keep default.,4000,Keep default,1000,100000,N,100
Renters,94065,Conner,Little,03/08/1990,m,850 Davit Ln,Redwood City,CA,N,RENTED HOUSE - SINGLE FAMILY,1,0,0,(415) 749-0101,katte@outlook.com,N,N,N,N,Y,N,NONE,N,N,Keep default.,4000,Keep default,1000,100000,N,100
Renters,94582,Lilly,Mclaughlin,12/1/1988,m,2000 Shoreline Cir,San Ramon,CA,N,RENTED HOUSE - SINGLE FAMILY,1,0,0,(888) 271-6704,katte@outlook.com,N,N,N,N,Y,N,NONE,N,N,Keep default.,4000,Keep default,1000,100000,N,100
Renters,95054,Natalie,Mann,02/04/1989,m,550 Moreland Way,Santa Clara,CA,N,RENTED HOUSE - SINGLE FAMILY,1,0,0,(408) 257-1060,katte@outlook.com,N,N,N,N,Y,N,NONE,N,N,Keep default.,4000,Keep default,1000,100000,N,100
Renters,94401,Annabelle,Walton,03/03/1988,m,250 Baldwin Ave,San Mateo,CA,N,RENTED HOUSE - SINGLE FAMILY,1,0,0,(760) 598-9000,katte@outlook.com,N,N,N,N,Y,N,NONE,N,N,Keep default.,4000,Keep default,1000,100000,N,100
Renters,94065,Logan,Cook,04/05/1990,m,950 Redwood Shores Pkwy,Redwood City,CA,N,RENTED HOUSE - SINGLE FAMILY,1,0,0,(760) 798-2632,katte@outlook.com,N,N,N,N,Y,N,NONE,N,N,Keep default.,4000,Keep default,1000,100000,N,100
Renters,94404,Norah,Holland,02/04/1989,m,1060 Foster City Blvd,Foster City,CA,N,RENTED HOUSE - SINGLE FAMILY,1,0,0,(415) 334-1880,katte@outlook.com,N,N,N,N,Y,N,NONE,N,N,Keep default.,4000,Keep default,1000,100000,N,100
Renters,94403,Graham,Schwartz,02/04/1989,m,3204 Casa De Campo Way,San Mateo,CA,N,RENTED HOUSE - SINGLE FAMILY,1,0,0,(408) 866-1005,katte@outlook.com,N,N,N,N,Y,N,NONE,N,N,Keep default.,4000,Keep default,1000,100000,N,100
Renters,94404,Fynn,Daniels,05/06/1989,m,1987 Bridgepointe Cir,San Mateo,CA,N,RENTED HOUSE - SINGLE FAMILY,1,0,0,(831) 458-5042,katte@outlook.com,N,N,N,N,Y,N,NONE,N,N,Keep default.,4000,Keep default,1000,100000,N,100
Renters,94404,Christopher,Howell,06/06/1986,f,1200 E Hillsdale Blvd,Foster City,CA,N,RENTED HOUSE - SINGLE FAMILY,1,0,0,(408) 437-1900,katte@outlook.com,N,N,N,N,Y,N,NONE,N,N,Keep default.,4000,Keep default,1000,100000,N,100
Renters,94002,Alice,Hogan,12/1/1988,m,200 Davey Glen Rd,Belmont,CA,N,RENTED HOUSE - SINGLE FAMILY,1,0,0,(858) 693-1175,katte@outlook.com,N,N,N,N,Y,N,NONE,N,N,Keep default.,4000,Keep default,1000,100000,N,100
Renters,94002,Graeme,Webster,06/06/1986,m,1060 Continentals Way,Belmont,CA,N,RENTED HOUSE - SINGLE FAMILY,1,0,0,(415) 487-1218,katte@outlook.com,N,N,N,N,Y,N,NONE,N,N,Keep default.,4000,Keep default,1000,100000,N,100
Renters,94401,Eli,Mullins,03/08/1990,f,338 S Fremont St,San Mateo,CA,N,RENTED HOUSE - SINGLE FAMILY,1,0,0,(510) 236-2860,katte@outlook.com,N,N,N,N,Y,N,NONE,N,N,Keep default.,4000,Keep default,1000,100000,N,100
Renters,94010,Natalie,Mejia,03/27/1987,f,1080 Carolan Ave,Burlingame,CA,N,RENTED HOUSE - SINGLE FAMILY,1,0,0,(415) 459-2900,katte@outlook.com,N,N,N,N,Y,N,NONE,N,N,Keep default.,4000,Keep default,1000,100000,N,100
Renters,94404,Lila,Medina,03/03/1988,m,703 Catamaran St,Foster City,CA,N,RENTED HOUSE - SINGLE FAMILY,1,0,0,(415) 440-1155,katte@outlook.com,N,N,N,N,Y,N,NONE,N,N,Keep default.,4000,Keep default,1000,100000,N,100
Renters,94086,Anabel,Barnes,03/03/1988,m,180 Pasito Terrace,Sunnyvale,CA,N,RENTED HOUSE - SINGLE FAMILY,1,0,0,(415) 334-2698,katte@outlook.com,N,N,N,N,Y,N,NONE,N,N,Keep default.,4000,Keep default,1000,100000,N,100
Renters,94061,Iris,Robles,02/04/1989,m,707 Leahy St,Redwood City,CA,N,RENTED HOUSE - SINGLE FAMILY,1,0,0,(408) 225-8648,katte@outlook.com,N,N,N,N,Y,N,NONE,N,N,Keep default.,4000,Keep default,1000,100000,N,100
Renters,94301,Juliette,Terry,04/05/1990,f,459 Hamilton Ave,Palo Alto,CA,N,RENTED HOUSE - SINGLE FAMILY,1,0,0,(866) 932-5588,katte@outlook.com,N,N,N,N,Y,N,NONE,N,N,Keep default.,4000,Keep default,1000,100000,N,100
Renters,92108,Everly,Pratt,04/05/1990,f,6304 Rancho Mission Rd,San Diego,CA,N,RENTED HOUSE - SINGLE FAMILY,1,0,0,(650) 321-1701,katte@outlook.com,N,N,N,N,Y,N,NONE,N,N,Keep default.,4000,Keep default,1000,100000,N,100
Renters,92122,Sofie,Chavez,03/03/1988,f,5280 Fiore Terrace,San Diego,CA,N,RENTED HOUSE - SINGLE FAMILY,1,0,0,(408) 241-1445,katte@outlook.com,N,N,N,N,Y,N,NONE,N,N,Keep default.,4000,Keep default,1000,100000,N,100
Renters,91942,Grayson,Mcguire,03/03/1988,m,5679 Amaya Dr,La Mesa,CA,N,RENTED HOUSE - SINGLE FAMILY,1,0,0,(408) 512-2708,katte@outlook.com,N,N,N,N,Y,N,NONE,N,N,Keep default.,4000,Keep default,1000,100000,N,100
Renters,92122,Eleanor,Li,07/31/1988,m,5305 Toscana Way,San Diego,CA,N,RENTED HOUSE - SINGLE FAMILY,1,0,0,(415) 978-9619,katte@outlook.com,N,N,N,N,Y,N,NONE,N,N,Keep default.,4000,Keep default,1000,100000,N,100
Renters,92115,Evelyn,Schmidt,03/08/1990,f,6595 Montezuma Rd,San Diego,CA,N,RENTED HOUSE - SINGLE FAMILY,1,0,0,(408) 227-3700,katte@outlook.com,N,N,N,N,Y,N,NONE,N,N,Keep default.,4000,Keep default,1000,100000,N,100
Renters,91910,Lorelei,Holt,06/06/1986,f,67 E Flower St,Chula Vista,CA,N,RENTED HOUSE - SINGLE FAMILY,1,0,0,(650) 528-2128,katte@outlook.com,N,N,N,N,Y,N,NONE,N,N,Keep default.,4000,Keep default,1000,100000,N,100
Renters,92040,Charlotte,Dunn,11/12/1990,m,10112 Ashwood St,Lakeside,CA,N,RENTED HOUSE - SINGLE FAMILY,1,0,0,(619) 216-8884,katte@outlook.com,N,N,N,N,Y,N,NONE,N,N,Keep default.,4000,Keep default,1000,100000,N,100
Renters,92122,Madelynn,Franklin,02/04/1989,m,3417 Lebon Dr,San Diego,CA,N,RENTED HOUSE - SINGLE FAMILY,1,0,0,(650) 583-9275,katte@outlook.com,N,N,N,N,Y,N,NONE,N,N,Keep default.,4000,Keep default,1000,100000,N,100
Renters,92115,Chloe,Ford,04/05/1990,m,4424 44th St,San Diego,CA,N,RENTED HOUSE - SINGLE FAMILY,1,0,0,(408) 257-1060,katte@outlook.com,N,N,N,N,Y,N,NONE,N,N,Keep default.,4000,Keep default,1000,100000,N,100
Renters,92139,Sophie,Reeves,11/18/1989,f,7844 Paradise Valley Rd,San Diego,CA,N,RENTED HOUSE - SINGLE FAMILY,1,0,0,(619) 443-6702,katte@outlook.com,N,N,N,N,Y,N,NONE,N,N,Keep default.,4000,Keep default,1000,100000,N,100
Renters,92123,Zoe,Palmer,11/12/1990,m,2420 Cardinal Dr,San Diego,CA,N,RENTED HOUSE - SINGLE FAMILY,1,0,0,(650) 991-0777,katte@outlook.com,N,N,N,N,Y,N,NONE,N,N,Keep default.,4000,Keep default,1000,100000,N,100
Renters,92115,Sofia,Marquez,03/08/1990,m,4850 Talmadge Park Row,San Diego,CA,N,RENTED HOUSE - SINGLE FAMILY,1,0,0,(619) 443-1720,katte@outlook.com,N,N,N,N,Y,N,NONE,N,N,Keep default.,4000,Keep default,1000,100000,N,100
Renters,92126,Audrey,Hunter,03/03/1988,f,9505 Gold Coast Dr,San Diego,CA,N,RENTED HOUSE - SINGLE FAMILY,1,0,0,(925) 686-1761,katte@outlook.com,N,N,N,N,Y,N,NONE,N,N,Keep default.,4000,Keep default,1000,100000,N,100
Renters,92122,Chase,Estrada,05/06/1989,f,7681 Palmilla Dr,San Diego,CA,N,RENTED HOUSE - SINGLE FAMILY,1,0,0,(619) 231-9600,katte@outlook.com,N,N,N,N,Y,N,NONE,N,N,Keep default.,4000,Keep default,1000,100000,N,100
Renters,92071,Holden,King,03/08/1990,f,10445 Mast Blvd,Santee,CA,N,RENTED HOUSE - SINGLE FAMILY,1,0,0,(650) 425-3914,katte@outlook.com,N,N,N,N,Y,N,NONE,N,N,Keep default.,4000,Keep default,1000,100000,N,100
Renters,92108,Mila,Rice,02/04/1989,f,8685 Rio San Diego Dr,San Diego,CA,N,RENTED HOUSE - SINGLE FAMILY,1,0,0,(619) 286-7600,katte@outlook.com,N,N,N,N,Y,N,NONE,N,N,Keep default.,4000,Keep default,1000,100000,N,100
Renters,91913,Aron,Rivas,04/05/1990,m,1250 Santa Cora Ave,Chula Vista,CA,N,RENTED HOUSE - SINGLE FAMILY,1,0,0,(415) 885-3333,katte@outlook.com,N,N,N,N,Y,N,NONE,N,N,Keep default.,4000,Keep default,1000,100000,N,100
Renters,92029,August,Waters,11/18/1989,f,910 Del Dios Hwy,Escondido,CA,N,RENTED HOUSE - SINGLE FAMILY,1,0,0,(650) 352-3601,katte@outlook.com,N,N,N,N,Y,N,NONE,N,N,Keep default.,4000,Keep default,1000,100000,N,100
Renters,92040,Oliver,Jennings,12/1/1988,f,12001 Woodside Ave,Lakeside,CA,N,RENTED HOUSE - SINGLE FAMILY,1,0,0,(415) 552-9443,katte@outlook.com,N,N,N,N,Y,N,NONE,N,N,Keep default.,4000,Keep default,1000,100000,N,100
Renters,92119,Luna,Richards,03/03/1988,f,6575 Jaffe Ct,San Diego,CA,N,RENTED HOUSE - SINGLE FAMILY,1,0,0,(707) 766-6881,katte@outlook.com,N,N,N,N,Y,N,NONE,N,N,Keep default.,4000,Keep default,1000,100000,N,100
Renters,92027,Lincoln,Howard,07/31/1988,f,1501 E Grand Ave,Escondido,CA,N,RENTED HOUSE - SINGLE FAMILY,1,0,0,(408) 842-4457,katte@outlook.com,N,N,N,N,Y,N,NONE,N,N,Keep default.,4000,Keep default,1000,100000,N,100
Renters,92101,Arianna,Rhodes,03/08/1990,f,1007 5th Ave,San Diego,CA,N,RENTED HOUSE - SINGLE FAMILY,1,0,0,(510) 236-2860,katte@outlook.com,N,N,N,N,Y,N,NONE,N,N,Keep default.,4000,Keep default,1000,100000,N,100
Renters,91942,Autumn,Bell,02/04/1989,m,7576 Parkway Dr,La Mesa,CA,N,RENTED HOUSE - SINGLE FAMILY,1,0,0,(408) 946-2955,katte@outlook.com,N,N,N,N,Y,N,NONE,N,N,Keep default.,4000,Keep default,1000,100000,N,100
Renters,92111,Landon,Shepherd,03/03/1988,m,7575 Linda Vista Rd,San Diego,CA,N,RENTED HOUSE - SINGLE FAMILY,1,0,0,(408) 873-9090,katte@outlook.com,N,N,N,N,Y,N,NONE,N,N,Keep default.,4000,Keep default,1000,100000,N,100
Renters,92120,Zander,Griffith,12/1/1988,f,4555 Vandever Ave,San Diego,CA,N,RENTED HOUSE - SINGLE FAMILY,1,0,0,(858) 530-2100,katte@outlook.com,N,N,N,N,Y,N,NONE,N,N,Keep default.,4000,Keep default,1000,100000,N,100
Renters,91941,Lilah,Lane,04/05/1990,m,4300 Echo Ct,La Mesa,CA,N,RENTED HOUSE - SINGLE FAMILY,1,0,0,(408) 247-1900,katte@outlook.com,N,N,N,N,Y,N,NONE,N,N,Keep default.,4000,Keep default,1000,100000,N,100
Renters,92123,Avery,Gray,03/27/1987,f,3455 Kearny Villa Rd,San Diego,CA,N,RENTED HOUSE - SINGLE FAMILY,1,0,0,(650) 591-1143,katte@outlook.com,N,N,N,N,Y,N,NONE,N,N,Keep default.,4000,Keep default,1000,100000,N,100
Renters,92101,Atticus,Boyd,11/12/1990,f,1670 Kettner Blvd Ste 2,San Diego,CA,N,RENTED HOUSE - SINGLE FAMILY,1,0,0,(408) 287-3444,katte@outlook.com,N,N,N,N,Y,N,NONE,N,N,Keep default.,4000,Keep default,1000,100000,N,100
Renters,92120,Finn,Warren,03/08/1990,f,5320 Adobe Falls Rd,San Diego,CA,N,RENTED HOUSE - SINGLE FAMILY,1,0,0,(415) 474-1750,katte@outlook.com,N,N,N,N,Y,N,NONE,N,N,Keep default.,4000,Keep default,1000,100000,N,100
Renters,92071,Sebastian,Morgan,06/06/1986,m,10122 Buena Vista Ave,Santee,CA,N,RENTED HOUSE - SINGLE FAMILY,1,0,0,(650) 341-9900,katte@outlook.com,N,N,N,N,Y,N,NONE,N,N,Keep default.,4000,Keep default,1000,100000,N,100
Renters,92040,Dylan,Huff,11/18/1989,m,12002 Wintercrest Dr,Lakeside,CA,N,RENTED HOUSE - SINGLE FAMILY,1,0,0,(415) 255-1100,katte@outlook.com,N,N,N,N,Y,N,NONE,N,N,Keep default.,4000,Keep default,1000,100000,N,100
Renters,92123,Elliott,Hamilton,11/12/1990,f,9072 Gramercy Dr,San Diego,CA,N,RENTED HOUSE - SINGLE FAMILY,1,0,0,(650) 557-4116,katte@outlook.com,N,N,N,N,Y,N,NONE,N,N,Keep default.,4000,Keep default,1000,100000,N,100
Renters,92122,Isabelle,Hopkins,12/1/1988,m,7039 Charmant Dr,San Diego,CA,N,RENTED HOUSE - SINGLE FAMILY,1,0,0,(408) 266-1474,katte@outlook.com,N,N,N,N,Y,N,NONE,N,N,Keep default.,4000,Keep default,1000,100000,N,100
Renters,92117,Lilly,Flores,05/06/1989,f,5150 Balboa Arms Dr,San Diego,CA,N,RENTED HOUSE - SINGLE FAMILY,1,0,0,(650) 389-9367,katte@outlook.com,N,N,N,N,Y,N,NONE,N,N,Keep default.,4000,Keep default,1000,100000,N,100
Renters,92126,Elias,Schneider,03/27/1987,f,10201 Camino Ruiz,San Diego,CA,N,RENTED HOUSE - SINGLE FAMILY,1,0,0,(650) 589-2909,katte@outlook.com,N,N,N,N,Y,N,NONE,N,N,Keep default.,4000,Keep default,1000,100000,N,100
Renters,92078,Carter,Le,02/04/1989,f,601 S Twin Oaks Valley Rd,San Marcos,CA,N,RENTED HOUSE - SINGLE FAMILY,1,0,0,(650) 992-3500,katte@outlook.com,N,N,N,N,Y,N,NONE,N,N,Keep default.,4000,Keep default,1000,100000,N,100
Renters,92109,Wyatt,Sutton,11/18/1989,m,3883 Ingraham St,San Diego,CA,N,RENTED HOUSE - SINGLE FAMILY,1,0,0,(415) 474-0333,katte@outlook.com,N,N,N,N,Y,N,NONE,N,N,Keep default.,4000,Keep default,1000,100000,N,100
Renters,92122,Theodore,Pacheco,04/05/1990,f,3950 Mahaila Ave,San Diego,CA,N,RENTED HOUSE - SINGLE FAMILY,1,0,0,(415) 474-5494,katte@outlook.com,N,N,N,N,Y,N,NONE,N,N,Keep default.,4000,Keep default,1000,100000,N,100
Renters,92115,Madelyn,Monroe,05/06/1989,f,5504 Montezuma Rd,San Diego,CA,N,RENTED HOUSE - SINGLE FAMILY,1,0,0,(415) 334-1880,katte@outlook.com,N,N,N,N,Y,N,NONE,N,N,Keep default.,4000,Keep default,1000,100000,N,100
Renters,92126,Eliana,Carson,12/1/1988,f,11102 Caminito Alvarez,San Diego,CA,N,RENTED HOUSE - SINGLE FAMILY,1,0,0,(415) 234-7084,katte@outlook.com,N,N,N,N,Y,N,NONE,N,N,Keep default.,4000,Keep default,1000,100000,N,100
Renters,92122,Eli,Logan,12/1/1988,f,8465 Regents Rd,San Diego,CA,N,RENTED HOUSE - SINGLE FAMILY,1,0,0,(510) 352-5900,katte@outlook.com,N,N,N,N,Y,N,NONE,N,N,Keep default.,4000,Keep default,1000,100000,N,100
Renters,92128,Greyson,Gilbert,11/12/1990,m,11820 Paseo Lucido,San Diego,CA,N,RENTED HOUSE - SINGLE FAMILY,1,0,0,(408) 295-1360,katte@outlook.com,N,N,N,N,Y,N,NONE,N,N,Keep default.,4000,Keep default,1000,100000,N,100
Renters,92064,Julia,Sharp,02/04/1989,m,12556 Oak Knoll Rd,Poway,CA,N,RENTED HOUSE - SINGLE FAMILY,1,0,0,(415) 354-4501,katte@outlook.com,N,N,N,N,Y,N,NONE,N,N,Keep default.,4000,Keep default,1000,100000,N,100
Renters,92126,Lila,Briggs,11/18/1989,f,7194 Schilling Ave,San Diego,CA,N,RENTED HOUSE - SINGLE FAMILY,1,0,0,(707) 579-5605,katte@outlook.com,N,N,N,N,Y,N,NONE,N,N,Keep default.,4000,Keep default,1000,100000,N,100
Renters,91978,Cole,Maxwell,03/08/1990,m,3115 Sweetwater Springs Blvd,Spring Valley,CA,N,RENTED HOUSE - SINGLE FAMILY,1,0,0,(408) 600-1431,katte@outlook.com,N,N,N,N,Y,N,NONE,N,N,Keep default.,4000,Keep default,1000,100000,N,100
Renters,91977,Emma,Malone,07/31/1988,m,3903 Conrad Dr,Spring Valley,CA,N,RENTED HOUSE - SINGLE FAMILY,1,0,0,(844) 328-9442,katte@outlook.com,N,N,N,N,Y,N,NONE,N,N,Keep default.,4000,Keep default,1000,100000,N,100
Renters,92021,Owen,Welch,06/06/1986,m,532 Broadway,El Cajon,CA,N,RENTED HOUSE - SINGLE FAMILY,1,0,0,(408) 257-1060,katte@outlook.com,N,N,N,N,Y,N,NONE,N,N,Keep default.,4000,Keep default,1000,100000,N,100
Renters,91910,Leila,Chang,03/03/1988,f,561 Mc Intosh St,Chula Vista,CA,N,RENTED HOUSE - SINGLE FAMILY,1,0,0,(408) 842-4457,katte@outlook.com,N,N,N,N,Y,N,NONE,N,N,Keep default.,4000,Keep default,1000,100000,N,100
Renters,92081,Norah,Stewart,07/31/1988,m,1982 Wellington Ln,Vista,CA,N,RENTED HOUSE - SINGLE FAMILY,1,0,0,(415) 505-2504,katte@outlook.com,N,N,N,N,Y,N,NONE,N,N,Keep default.,4000,Keep default,1000,100000,N,100
Renters,92108,Reece,Gordon,12/1/1988,m,2265 River Run Dr,San Diego,CA,N,RENTED HOUSE - SINGLE FAMILY,1,0,0,(415) 285-1231,katte@outlook.com,N,N,N,N,Y,N,NONE,N,N,Keep default.,4000,Keep default,1000,100000,N,100
Renters,92101,Isla,Evans,03/03/1988,f,900 F St,San Diego,CA,N,RENTED HOUSE - SINGLE FAMILY,1,0,0,(408) 384-8887,katte@outlook.com,N,N,N,N,Y,N,NONE,N,N,Keep default.,4000,Keep default,1000,100000,N,100
Renters,92008,Iris,Montoya,07/31/1988,m,2715 Carlsbad Blvd,Carlsbad,CA,N,RENTED HOUSE - SINGLE FAMILY,1,0,0,(408) 295-1360,katte@outlook.com,N,N,N,N,Y,N,NONE,N,N,Keep default.,4000,Keep default,1000,100000,N,100
Renters,91914,James,Greene,04/05/1990,f,861 Anchorage Pl,Chula Vista,CA,N,RENTED HOUSE - SINGLE FAMILY,1,0,0,(408) 736-8658,katte@outlook.com,N,N,N,N,Y,N,NONE,N,N,Keep default.,4000,Keep default,1000,100000,N,100
Renters,92120,Gideon,Warner,12/1/1988,m,6398 Del Cerro Blvd 8,San Diego,CA,N,RENTED HOUSE - SINGLE FAMILY,1,0,0,(650) 265-2120,katte@outlook.com,N,N,N,N,Y,N,NONE,N,N,Keep default.,4000,Keep default,1000,100000,N,100
Renters,92101,Adrian,Lee,03/08/1990,f,1455 Kettner Blvd,San Diego,CA,N,RENTED HOUSE - SINGLE FAMILY,1,0,0,(650) 854-3900,katte@outlook.com,N,N,N,N,Y,N,NONE,N,N,Keep default.,4000,Keep default,1000,100000,N,100
Renters,92056,Delilah,Burnett,07/31/1988,m,3500 Windrift Way,Oceanside,CA,N,RENTED HOUSE - SINGLE FAMILY,1,0,0,(866) 270-9902,katte@outlook.com,N,N,N,N,Y,N,NONE,N,N,Keep default.,4000,Keep default,1000,100000,N,100
Renters,92122,Ronan,Petersen,03/27/1987,f,8720 Costa Verde Blvd,San Diego,CA,N,RENTED HOUSE - SINGLE FAMILY,1,0,0,(619) 334-6948,katte@outlook.com,N,N,N,N,Y,N,NONE,N,N,Keep default.,4000,Keep default,1000,100000,N,100
Renters,92101,Evelyn,Moore,03/27/1987,m,600 Front St,San Diego,CA,N,RENTED HOUSE - SINGLE FAMILY,1,0,0,(415) 921-3469,katte@outlook.com,N,N,N,N,Y,N,NONE,N,N,Keep default.,4000,Keep default,1000,100000,N,100
Renters,92021,Scarlet,Mccarthy,05/06/1989,m,989 Peach Ave,El Cajon,CA,N,RENTED HOUSE - SINGLE FAMILY,1,0,0,(888) 271-6704,katte@outlook.com,N,N,N,N,Y,N,NONE,N,N,Keep default.,4000,Keep default,1000,100000,N,100
Renters,92064,Zachary,Petersen,11/12/1990,f,12330 9th St,Poway,CA,N,RENTED HOUSE - SINGLE FAMILY,1,0,0,(619) 447-3000,katte@outlook.com,N,N,N,N,Y,N,NONE,N,N,Keep default.,4000,Keep default,1000,100000,N,100
Renters,95134,Elsa,Fitzgerald,06/06/1986,f,345 Village Center Dr,San Jose,CA,N,RENTED HOUSE - SINGLE FAMILY,1,0,0,(888) 704-5204,katte@outlook.com,N,N,N,N,Y,N,NONE,N,N,Keep default.,4000,Keep default,1000,100000,N,100
Renters,95008,James,Graham,11/18/1989,m,2275 S Bascom Ave,Campbell,CA,N,RENTED HOUSE - SINGLE FAMILY,1,0,0,(415) 648-1910,katte@outlook.com,N,N,N,N,Y,N,NONE,N,N,Keep default.,4000,Keep default,1000,100000,N,100
Renters,94301,Violet,Leon,07/31/1988,f,501 Forest Ave,Palo Alto,CA,N,RENTED HOUSE - SINGLE FAMILY,1,0,0,(408) 732-9450,katte@outlook.com,N,N,N,N,Y,N,NONE,N,N,Keep default.,4000,Keep default,1000,100000,N,100
Renters,94040,Stella,Knight,03/03/1988,m,234 Escuela Ave,Mountain View,CA,N,RENTED HOUSE - SINGLE FAMILY,1,0,0,(408) 946-2955,katte@outlook.com,N,N,N,N,Y,N,NONE,N,N,Keep default.,4000,Keep default,1000,100000,N,100
Renters,94041,Ethan,Henry,04/05/1990,m,151 Calderon Ave,Mountain View,CA,N,RENTED HOUSE - SINGLE FAMILY,1,0,0,(415) 403-2247,katte@outlook.com,N,N,N,N,Y,N,NONE,N,N,Keep default.,4000,Keep default,1000,100000,N,100
Renters,94086,Elsa,Moreno,05/06/1989,f,825 E Evelyn Ave,Sunnyvale,CA,N,RENTED HOUSE - SINGLE FAMILY,1,0,0,(415) 459-2900,katte@outlook.com,N,N,N,N,Y,N,NONE,N,N,Keep default.,4000,Keep default,1000,100000,N,100
Renters,95054,Grace,Glover,03/03/1988,m,502 Mansion Park Dr,Santa Clara,CA,N,RENTED HOUSE - SINGLE FAMILY,1,0,0,(650) 992-3500,katte@outlook.com,N,N,N,N,Y,N,NONE,N,N,Keep default.,4000,Keep default,1000,100000,N,100
Renters,94062,Thomas,Huff,03/08/1990,f,1212 Whipple Ave,Redwood City,CA,N,RENTED HOUSE - SINGLE FAMILY,1,0,0,(415) 234-7084,katte@outlook.com,N,N,N,N,Y,N,NONE,N,N,Keep default.,4000,Keep default,1000,100000,N,100
Renters,95134,Olivia,Hernandez,11/12/1990,f,4343 Renaissance Dr,San Jose,CA,N,RENTED HOUSE - SINGLE FAMILY,1,0,0,(408) 971-9397,katte@outlook.com,N,N,N,N,Y,N,NONE,N,N,Keep default.,4000,Keep default,1000,100000,N,100
Renters,95134,Emmett,Martinez,11/18/1989,f,150 Alicante Dr,San Jose,CA,N,RENTED HOUSE - SINGLE FAMILY,1,0,0,(858) 560-5720,katte@outlook.com,N,N,N,N,Y,N,NONE,N,N,Keep default.,4000,Keep default,1000,100000,N,100
Renters,94043,Declan,Watkins,03/08/1990,m,100 N Whisman Rd,Mountain View,CA,N,RENTED HOUSE - SINGLE FAMILY,1,0,0,(603) 571-6274,katte@outlook.com,N,N,N,N,Y,N,NONE,N,N,Keep default.,4000,Keep default,1000,100000,N,100
Renters,95054,James,Osborne,04/05/1990,m,730 Agnew Rd,Santa Clara,CA,N,RENTED HOUSE - SINGLE FAMILY,1,0,0,(415) 487-1218,katte@outlook.com,N,N,N,N,Y,N,NONE,N,N,Keep default.,4000,Keep default,1000,100000,N,100
Renters,94086,Chloe,Wise,03/03/1988,f,243 Buena Vista Ave,Sunnyvale,CA,N,RENTED HOUSE - SINGLE FAMILY,1,0,0,(415) 474-0333,katte@outlook.com,N,N,N,N,Y,N,NONE,N,N,Keep default.,4000,Keep default,1000,100000,N,100
Renters,95035,Iris,Trujillo,07/31/1988,m,755 E Capitol Ave,Milpitas,CA,N,RENTED HOUSE - SINGLE FAMILY,1,0,0,(408) 866-1005,katte@outlook.com,N,N,N,N,Y,N,NONE,N,N,Keep default.,4000,Keep default,1000,100000,N,100
Renters,94063,Elsa,Tate,12/1/1988,m,1553 El Camino Real,Redwood City,CA,N,RENTED HOUSE - SINGLE FAMILY,1,0,0,(415) 308-7225,katte@outlook.com,N,N,N,N,Y,N,NONE,N,N,Keep default.,4000,Keep default,1000,100000,N,100
Renters,94086,Harrison,Torres,06/06/1986,f,355 E Evelyn Ave,Sunnyvale,CA,N,RENTED HOUSE - SINGLE FAMILY,1,0,0,(650) 528-2129,katte@outlook.com,N,N,N,N,Y,N,NONE,N,N,Keep default.,4000,Keep default,1000,100000,N,100
Renters,94086,Grayson,Olson,11/12/1990,f,555 E Washington Ave,Sunnyvale,CA,N,RENTED HOUSE - SINGLE FAMILY,1,0,0,(650) 592-3139,katte@outlook.com,N,N,N,N,Y,N,NONE,N,N,Keep default.,4000,Keep default,1000,100000,N,100
Renters,95051,Autumn,Bauer,07/31/1988,f,3500 Granada Ave,Santa Clara,CA,N,RENTED HOUSE - SINGLE FAMILY,1,0,0,(650) 528-2128,katte@outlook.com,N,N,N,N,Y,N,NONE,N,N,Keep default.,4000,Keep default,1000,100000,N,100
Renters,94086,Fiona,Kramer,03/03/1988,m,655 S Fair Oaks Ave,Sunnyvale,CA,N,RENTED HOUSE - SINGLE FAMILY,1,0,0,(844) 328-9442,katte@outlook.com,N,N,N,N,Y,N,NONE,N,N,Keep default.,4000,Keep default,1000,100000,N,100
Renters,94043,Luke,Briggs,02/04/1989,f,505 Central Ave,Mountain View,CA,N,RENTED HOUSE - SINGLE FAMILY,1,0,0,(760) 598-9000,katte@outlook.com,N,N,N,N,Y,N,NONE,N,N,Keep default.,4000,Keep default,1000,100000,N,100
Renters,94087,Nicholas,Mccoy,11/12/1990,m,575 E Remington Dr,Sunnyvale,CA,N,RENTED HOUSE - SINGLE FAMILY,1,0,0,(415) 749-0101,katte@outlook.com,N,N,N,N,Y,N,NONE,N,N,Keep default.,4000,Keep default,1000,100000,N,100
Renters,94025,Michael,White,04/05/1990,m,600 Sharon Park Dr,Menlo Park,CA,N,RENTED HOUSE - SINGLE FAMILY,1,0,0,(925) 735-3047,katte@outlook.com,N,N,N,N,Y,N,NONE,N,N,Keep default.,4000,Keep default,1000,100000,N,100
Renters,94304,Violet,Mcgee,02/04/1989,m,700 Clark Way,Palo Alto,CA,N,RENTED HOUSE - SINGLE FAMILY,1,0,0,(844) 250-7147,katte@outlook.com,N,N,N,N,Y,N,NONE,N,N,Keep default.,4000,Keep default,1000,100000,N,100
Renters,94041,Luke,Black,11/12/1990,f,1600 Villa St,Mountain View,CA,N,RENTED HOUSE - SINGLE FAMILY,1,0,0,(415) 648-1910,katte@outlook.com,N,N,N,N,Y,N,NONE,N,N,Keep default.,4000,Keep default,1000,100000,N,100
Renters,95112,Naomi,Decker,06/06/1986,m,1700 N 1st St,San Jose,CA,N,RENTED HOUSE - SINGLE FAMILY,1,0,0,(408) 733-2306,katte@outlook.com,N,N,N,N,Y,N,NONE,N,N,Keep default.,4000,Keep default,1000,100000,N,100
Renters,94089,Samuel,Sparks,03/08/1990,m,1235 Wildwood Ave,Sunnyvale,CA,N,RENTED HOUSE - SINGLE FAMILY,1,0,0,(415) 885-0333,katte@outlook.com,N,N,N,N,Y,N,NONE,N,N,Keep default.,4000,Keep default,1000,100000,N,100
Renters,94087,Logan,Mullins,03/03/1988,m,1575 Tenaka Pl,Sunnyvale,CA,N,RENTED HOUSE - SINGLE FAMILY,1,0,0,(408) 271-2600,katte@outlook.com,N,N,N,N,Y,N,NONE,N,N,Keep default.,4000,Keep default,1000,100000,N,100
Renters,95014,Chloe,Ellis,03/08/1990,m,19608 Pruneridge Ave,Cupertino,CA,N,RENTED HOUSE - SINGLE FAMILY,1,0,0,(415) 474-5494,katte@outlook.com,N,N,N,N,Y,N,NONE,N,N,Keep default.,4000,Keep default,1000,100000,N,100
Renters,94065,Josephine,Dixon,03/27/1987,m,950 Redwood Shores Pkwy,Redwood City,CA,N,RENTED HOUSE - SINGLE FAMILY,1,0,0,(650) 591-6666,katte@outlook.com,N,N,N,N,Y,N,NONE,N,N,Keep default.,4000,Keep default,1000,100000,N,100
Renters,92139,Logan,Sanders,07/31/1988,m,7844 Paradise Valley Rd,San Diego,CA,Y,RENTED HOUSE - SINGLE FAMILY,1,0,0,(888) 492-9765,katte@outlook.com,N,N,N,N,Y,N,NONE,N,N,Keep default.,4000,Keep default,1000,100000,N,100
Renters,94105,Hazel,Page,04/05/1990,f,88 Howard St,San Francisco,CA,N,RENTED HOUSE - SINGLE FAMILY,1,0,0,(888) 284-2778,katte@outlook.com,N,N,N,N,Y,N,NONE,N,N,Keep default.,4000,Keep default,1000,100000,N,100
Renters,94114,Amelia,Townsend,11/12/1990,f,4058 17th St,San Francisco,CA,N,RENTED HOUSE - SINGLE FAMILY,1,1,0,(415) 241-0100,katte@outlook.com,N,N,N,N,Y,N,NONE,N,N,Keep default.,4000,Keep default,1000,100000,N,100
Renters,94105,Mia,Garza,12/1/1988,f,388 Beale Street,San Francisco,CA,N,RENTED HOUSE - SINGLE FAMILY,1,2,0,(408) 996-1006,katte@outlook.com,N,N,N,N,Y,N,NONE,N,N,Keep default.,4000,Keep default,1000,100000,N,100
Renters,94404,Dominic,Hood,06/06/1986,m,1060 Foster City Blvd,Foster City,CA,N,RENTED HOUSE - SINGLE FAMILY,1,3 or more,0,(408) 456-0700,katte@outlook.com,N,N,N,N,Y,N,NONE,N,N,Keep default.,4000,Keep default,1000,100000,N,100
Renters,94114,Clare,Davidson,07/31/1988,f,4058 17th St,San Francisco,CA,N,RENTED HOUSE - SINGLE FAMILY,1,0,0,(415) 648-5349,katte@outlook.com,N,N,N,N,Y,N,NONE,N,N,Keep default.,4000,Keep default,1000,100000,N,100
Renters,94304,Penelope,Mccoy,03/08/1990,m,1600 Sand Hill Rd,Palo Alto,CA,N,RENTED HOUSE - SINGLE FAMILY,1,0,1,(408) 946-2955,katte@outlook.com,N,N,N,N,Y,N,NONE,N,N,Keep default.,4000,Keep default,1000,100000,N,100
Renters,94115,Harrison,Gregory,04/05/1990,f,2799 California St,San Francisco,CA,N,RENTED HOUSE - SINGLE FAMILY,1,0,2,(831) 476-8897,katte@outlook.com,N,N,N,N,Y,N,NONE,N,N,Keep default.,4000,Keep default,1000,100000,N,100
Renters,94301,Sebastian,Martin,05/06/1989,f,501 Forest Ave,Palo Alto,CA,N,RENTED HOUSE - SINGLE FAMILY,1,0,3,(415) 552-9443,katte@outlook.com,N,N,N,N,Y,N,NONE,N,N,Keep default.,4000,Keep default,1000,100000,N,100
Renters,94544,Ezra,Gregory,06/06/1986,f,605 Orchard Ave,Hayward,CA,N,RENTED HOUSE - SINGLE FAMILY,1,0,4,(408) 848-3474,katte@outlook.com,N,N,N,N,Y,N,NONE,N,N,Keep default.,4000,Keep default,1000,100000,N,100
Renters,94085,Mila,Leonard,07/31/1988,f,330 N Mathilda Ave,Sunnyvale,CA,N,RENTED HOUSE - SINGLE FAMILY,1,0,5 or more,(408) 779-8986,katte@outlook.com,N,N,N,N,Y,N,NONE,N,N,Keep default.,4000,Keep default,1000,100000,N,100
Renters,94109,Lily,Horton,05/06/1989,f,952 Sutter St,San Francisco,CA,N,RENTED HOUSE - SINGLE FAMILY,1,0,0,(408) 255-6750,katte@outlook.com,N,N,N,N,Y,N,NONE,N,N,Keep default.,4000,Keep default,1000,100000,N,100
Renters,94104,Griffin,Strickland,06/06/1986,f,690 Market St,San Francisco,CA,N,RENTED HOUSE - SINGLE FAMILY,1,0,0,(415) 474-0333,katte@outlook.com,Y,N,N,N,Y,N,NONE,N,N,Keep default.,4000,Keep default,1000,100000,N,100
Renters,94801,Jaxon,Curtis,12/1/1988,m,400 Harbour Way,Richmond,CA,N,RENTED HOUSE - SINGLE FAMILY,1,0,0,(408) 735-9780,katte@outlook.com,N,N,N,N,Y,N,NONE,N,N,Keep default.,4000,Keep default,1000,100000,N,100
Renters,92126,Eloise,Mason,11/12/1990,f,10201 Camino Ruiz,San Diego,CA,N,RENTED HOUSE - SINGLE FAMILY,1,0,0,(707) 361-4060,katte@outlook.com,N,Y,N,N,Y,N,NONE,N,N,Keep default.,4000,Keep default,1000,100000,N,100
Renters,94105,Penelope,Harvey,03/08/1990,f,388 Beale Street,San Francisco,CA,N,RENTED HOUSE - SINGLE FAMILY,1,0,0,(408) 354-7317,katte@outlook.com,N,N,N,N,Y,N,NONE,N,N,Keep default.,4000,Keep default,1000,100000,N,100
Renters,95054,Lillian,Ramos,03/03/1988,f,550 Moreland Way,Santa Clara,CA,N,RENTED HOUSE - SINGLE FAMILY,1,0,0,(650) 528-2128,katte@outlook.com,N,N,Y,N,Y,N,NONE,N,N,Keep default.,4000,Keep default,1000,100000,N,100
Renters,94553,Thomas,Copeland,12/1/1988,m,900 Roanoke Dr,Martinez,CA,N,RENTED HOUSE - SINGLE FAMILY,1,0,0,(650) 321-1701,katte@outlook.com,N,N,N,N,Y,N,NONE,N,N,Keep default.,4000,Keep default,1000,100000,N,100
Renters,94806,Lillian,Powers,03/08/1990,m,2490 Lancaster Dr,Richmond,CA,N,RENTED HOUSE - SINGLE FAMILY,1,0,0,(408) 988-7500,katte@outlook.com,N,N,N,Y,Y,N,NONE,N,N,Keep default.,4000,Keep default,1000,100000,N,100
Renters,92122,Lydia,Harmon,11/18/1989,m,7039 Charmant Dr,San Diego,CA,N,RENTED HOUSE - SINGLE FAMILY,1,0,0,(415) 981-2605,katte@outlook.com,N,N,N,N,Y,N,NONE,N,N,Keep default.,4000,Keep default,1000,100000,N,100
Renters,95050,Emma,Watson,03/27/1987,f,1599 Warburton Ave,Santa Clara,CA,N,RENTED HOUSE - SINGLE FAMILY,1,0,0,(650) 342-2301,katte@outlook.com,N,N,N,N,N,N,NONE,N,N,Keep default.,4000,Keep default,1000,100000,N,100
Renters,92101,Evan,Harrington,07/31/1988,f,1007 5th Ave,San Diego,CA,N,RENTED HOUSE - SINGLE FAMILY,1,0,0,(415) 505-2504,katte@outlook.com,N,N,N,N,Y,N,NONE,N,N,Keep default.,4000,Keep default,1000,100000,N,100
Renters,92123,Hunter,Wang,11/12/1990,f,9072 Gramercy Dr,San Diego,CA,N,RENTED HOUSE - SINGLE FAMILY,1,0,0,(408) 247-1900,katte@outlook.com,N,N,N,N,Y,Y,NONE,N,N,Keep default.,4000,Keep default,1000,100000,N,100
Renters,92126,Matthew,Serrano,03/08/1990,m,10201 Camino Ruiz,San Diego,CA,N,RENTED HOUSE - SINGLE FAMILY,1,0,0,(510) 240-9405,katte@outlook.com,N,N,N,N,Y,N,NONE,N,N,Keep default.,4000,Keep default,1000,100000,N,100
Renters,94542,Zachery,Turner,02/04/1989,f,25200 Carlos Bee Blvd,Hayward,CA,N,RENTED HOUSE - SINGLE FAMILY,1,0,0,(650) 345-5406,katte@outlook.com,N,N,N,N,Y,N,NONE,Y,N,Keep default.,4000,Keep default,1000,100000,N,100
Renters,94010,Rose,Bryan,07/31/1988,f,1080 Carolan Ave,Burlingame,CA,N,RENTED HOUSE - SINGLE FAMILY,1,0,0,(650) 854-3900,katte@outlook.com,N,N,N,N,Y,N,NONE,N,N,Keep default.,4000,Keep default,1000,100000,N,100
Renters,94114,Chloe,Hawkins,11/12/1990,m,3904 17th St,San Francisco,CA,N,RENTED HOUSE - SINGLE FAMILY,1,0,0,(866) 678-3468,katte@outlook.com,N,N,N,N,Y,N,NONE,N,N,Keep default.,4000,Keep default,1000,100000,Y,100
