Insurance Type,Zip code,First name,Last name,Date of birth,Gender,Address,City,State,Auto insurance coverage?,Property Type,# units,# unrelated roommates,# property losses in last 3 years,Phone number,Email address,Fire Sprinkler System?,Central Fire & Burglar Alarm?,Local Fire / Smoke Alarm?,Home Security?,Non Smoking Household?,Local Burglar Alarm?,Unusual hazards?,Dogs that bite?,Run a business from home?,Start date,Personal property worth,Loss of use,Medical payments,Personal liability,Farmers Identity Protection,Deductible,Policy number,Timestamp (seconds),Policy price,Name of agent,Address of agent
Renters,95127,Graeme,Carrillo,02/04/1989,m,2601 Nuestra Castillo Ct,San Jose,CA,N,RENTED HOUSE - SINGLE FAMILY,1,0,0,(619) 670-6400,elliot@yahoo.com,N,N,N,N,Y,N,NONE,N,N,Keep default.,4000,Keep default,1000,100000,N,100,1234,Mon,34.49,Patricia Ag,Cupertino
Renters,94089,Jacob,Carroll,12/1/1988,f,1235 Wildwood Ave,Sunnyvale,CA,N,RENTED HOUSE - SINGLE FAMILY,1,0,0,(888) 270-6855,micah@aol.com,N,N,N,N,Y,Y,NONE,N,N,Keep default.,4000,Keep default,1000,100000,N,100,1234,Tues,41.98,Martha Ag,Redwood City
Renters,95054,Micah,Wade,07/31/1988,m,550 Moreland Way,Santa Clara,CA,N,RENTED HOUSE - SINGLE FAMILY,1,0,0,(619) 443-6702,kole@yahoo.com,N,N,N,N,N,N,NONE,N,N,Keep default.,4000,Keep default,1000,100000,N,100,1234,Sat,42.21,Martha Ag,Cupertino
Renters,95126,Abigail,Willis,03/03/1988,f,850 Meridian Way,San Jose,CA,N,RENTED HOUSE - SINGLE FAMILY,1,0,0,(510) 582-5240,micah.trujillo@hotmail.com,N,N,N,N,N,Y,NONE,N,N,Keep default.,4000,Keep default,1000,100000,N,100,1234,Mon,37.37,John Ag,Mtv
Renters,95035,Leila,Williams,11/12/1990,m,555 S Park Victoria Dr,Milpitas,CA,N,RENTED HOUSE - SINGLE FAMILY,1,0,0,(415) 921-5733,william.cain@yahoo.com,N,N,N,Y,Y,N,NONE,N,N,Keep default.,4000,Keep default,1000,100000,N,100,5678,Mon,39.64,Martha Ag,Cupertino
Renters,94041,Ruby,Knight,04/05/1990,m,151 Calderon Ave,Mountain View,CA,N,RENTED HOUSE - SINGLE FAMILY,1,0,0,(415) 234-7084,xavier@aol.com,N,N,N,Y,Y,Y,NONE,N,N,Keep default.,4000,Keep default,1000,100000,N,100,5678,Tues,29.35,Patricia Ag,Redwood City
Renters,95125,Caleb,Kim,11/12/1990,f,3200 Rubino Dr,San Jose,CA,N,RENTED HOUSE - SINGLE FAMILY,1,0,0,(415) 626-3100,xavier@aol.com,N,N,N,Y,N,N,NONE,N,N,Keep default.,4000,Keep default,1000,100000,N,100,5678,Tues,22.65,John Ag,Cupertino
Renters,95123,Aron,Randall,04/05/1990,m,1045 Coleman Rd,San Jose,CA,N,RENTED HOUSE - SINGLE FAMILY,1,0,0,(619) 286-7600,micah.trujillo@hotmail.com,N,N,N,Y,N,Y,NONE,N,N,Keep default.,4000,Keep default,1000,100000,N,100,1234,Sat,36.55,Martha Ag,Mtv
Renters,95134,Nathan,Lucas,05/06/1989,f,150 Alicante Dr,San Jose,CA,N,RENTED HOUSE - SINGLE FAMILY,1,0,0,(415) 921-5733,vivienne.weber@gmail.com,N,N,Y,N,Y,N,NONE,N,N,Keep default.,4000,Keep default,1000,100000,N,100,5678,Mon,35.28,Martha Ag,Cupertino
Renters,95125,Jacob,Carroll,03/27/1987,f,1776 Almaden Rd,San Jose,CA,N,RENTED HOUSE - SINGLE FAMILY,1,0,0,(415) 648-1910,micah@aol.com,N,N,Y,N,Y,Y,NONE,N,N,Keep default.,4000,Keep default,1000,100000,N,100,1234,Tues,17.15,John Ag,Mtv
Renters,95134,Kira,Frazier,11/12/1990,m,150 Alicante Dr,San Jose,CA,N,RENTED HOUSE - SINGLE FAMILY,1,0,0,(415) 505-2504,zoey@aol.com,N,N,Y,N,N,N,NONE,N,N,Keep default.,4000,Keep default,1000,100000,N,100,91011,Tues,25.31,John Ag,Mtv
Renters,95014,Eva,Banks,03/03/1988,m,5608 Stevens Creek Blvd,Cupertino,CA,N,RENTED HOUSE - SINGLE FAMILY,1,0,0,(866) 932-5588,micah.trujillo@hotmail.com,N,N,Y,N,N,Y,NONE,N,N,Keep default.,4000,Keep default,1000,100000,N,100,5678,Mon,35.28,Martha Ag,Mtv
Renters,95054,Emma,Ward,12/1/1988,f,1600 Nantucket Cir,Santa Clara,CA,N,RENTED HOUSE - SINGLE FAMILY,1,0,0,(415) 749-0101,xavier@aol.com,N,N,Y,Y,Y,N,NONE,N,N,Keep default.,4000,Keep default,1000,100000,N,100,5678,Mon,37.21,Patricia Ag,Cupertino
Renters,95020,Grayson,Mason,03/08/1990,m,7397 Monterey St,Gilroy,CA,N,RENTED HOUSE - SINGLE FAMILY,1,0,0,(619) 443-6702,micah.trujillo@hotmail.com,N,N,Y,Y,Y,Y,NONE,N,N,Keep default.,4000,Keep default,1000,100000,N,100,5678,Sat,24.42,Patricia Ag,Cupertino
Renters,95131,Max,Gordon,05/06/1989,f,1600 Whitewood Dr,San Jose,CA,N,RENTED HOUSE - SINGLE FAMILY,1,0,0,(408) 294-5333,micah@aol.com,N,N,Y,Y,N,N,NONE,N,N,Keep default.,4000,Keep default,1000,100000,N,100,5678,Tues,27.88,John Ag,Redwood City
Renters,95014,Miles,Dennis,03/08/1990,m,19608 Pruneridge Ave,Cupertino,CA,N,RENTED HOUSE - SINGLE FAMILY,1,0,0,(619) 610-0954,william.cain@yahoo.com,N,N,Y,Y,N,Y,NONE,N,N,Keep default.,4000,Keep default,1000,100000,N,100,1234,Sat,41.90,Martha Ag,Redwood City
Renters,95008,Eloise,Barnett,05/06/1989,f,200 Hollis Ave,Campbell,CA,N,RENTED HOUSE - SINGLE FAMILY,1,0,0,(415) 345-1970,adrian.reed@yahoo.com,N,Y,N,N,Y,N,NONE,N,N,Keep default.,4000,Keep default,1000,100000,N,100,91011,Tues,21.38,Martha Ag,Mtv
Renters,95128,Layla,Shaffer,03/03/1988,m,500 S Winchester Blvd,San Jose,CA,N,RENTED HOUSE - SINGLE FAMILY,1,0,0,(866) 671-1752,william.cain@yahoo.com,N,Y,N,N,Y,Y,NONE,N,N,Keep default.,4000,Keep default,1000,100000,N,100,91011,Mon,18.70,Patricia Ag,Mtv
Renters,94040,Elizabeth,Zimmerman,07/31/1988,f,234 Escuela Ave,Mountain View,CA,N,RENTED HOUSE - SINGLE FAMILY,1,0,0,(650) 997-0400,micah.trujillo@hotmail.com,N,Y,N,N,N,N,NONE,N,N,Keep default.,4000,Keep default,1000,100000,N,100,1234,Tues,19.12,Martha Ag,Redwood City
Renters,95126,Isaac,Wilson,02/04/1989,m,950 Meridian Ave,San Jose,CA,N,RENTED HOUSE - SINGLE FAMILY,1,0,0,(415) 241-0100,vivienne.weber@gmail.com,N,Y,N,N,N,Y,NONE,N,N,Keep default.,4000,Keep default,1000,100000,N,100,1234,Tues,36.55,Martha Ag,Redwood City
Renters,95051,Gideon,Myers,03/08/1990,f,1901 Halford Ave,Santa Clara,CA,N,RENTED HOUSE - SINGLE FAMILY,1,0,0,(415) 440-0550,micah@aol.com,N,Y,N,Y,Y,N,NONE,N,N,Keep default.,4000,Keep default,1000,100000,N,100,1234,Mon,43.45,Patricia Ag,Redwood City
Renters,94085,Jacob,Ryan,03/08/1990,f,1257 Lakeside Dr,Sunnyvale,CA,N,RENTED HOUSE - SINGLE FAMILY,1,0,0,(415) 474-0333,conor.evans@aol.com,N,Y,N,Y,Y,Y,NONE,N,N,Keep default.,4000,Keep default,1000,100000,N,100,1234,Sat,17.16,Patricia Ag,Redwood City
Renters,94087,Fynn,Harrison,02/04/1989,m,1032 W Remington Dr,Sunnyvale,CA,N,RENTED HOUSE - SINGLE FAMILY,1,0,0,(619) 463-5393,elliot@yahoo.com,N,Y,N,Y,N,N,NONE,N,N,Keep default.,4000,Keep default,1000,100000,N,100,1234,Tues,39.64,John Ag,Mtv
Renters,94086,Phoebe,Norris,03/03/1988,f,555 E Washington Ave,Sunnyvale,CA,N,RENTED HOUSE - SINGLE FAMILY,1,0,0,(408) 354-8910,micah@aol.com,N,Y,N,Y,N,Y,NONE,N,N,Keep default.,4000,Keep default,1000,100000,N,100,91011,Tues,16.34,Patricia Ag,Redwood City
Renters,94087,Eleanor,Lewis,03/27/1987,m,1575 Tenaka Pl,Sunnyvale,CA,N,RENTED HOUSE - SINGLE FAMILY,1,0,0,(408) 244-0900,elliot@yahoo.com,N,Y,Y,N,Y,N,NONE,N,N,Keep default.,4000,Keep default,1000,100000,N,100,91011,Tues,26.31,John Ag,Cupertino
Renters,95020,Silas,Torres,05/06/1989,m,500 Ioof Ave,Gilroy,CA,N,RENTED HOUSE - SINGLE FAMILY,1,0,0,(408) 263-6040,micah.trujillo@hotmail.com,N,Y,Y,N,Y,Y,NONE,N,N,Keep default.,4000,Keep default,1000,100000,N,100,5678,Mon,20.98,Patricia Ag,Redwood City
Renters,94041,Eden,Green,06/06/1986,f,151 Calderon Ave,Mountain View,CA,N,RENTED HOUSE - SINGLE FAMILY,1,0,0,(408) 736-8658,elliot@yahoo.com,N,Y,Y,N,N,N,NONE,N,N,Keep default.,4000,Keep default,1000,100000,N,100,5678,Sat,43.12,Martha Ag,Cupertino
Renters,95129,Leah,Burns,03/27/1987,m,355 Kiely Blvd,San Jose,CA,N,RENTED HOUSE - SINGLE FAMILY,1,0,0,(408) 255-6750,xavier@aol.com,N,Y,Y,N,N,Y,NONE,N,N,Keep default.,4000,Keep default,1000,100000,N,100,91011,Sat,19.12,Patricia Ag,Cupertino
Renters,95035,Layla,Stevens,03/03/1988,m,555 S Park Victoria Dr,Milpitas,CA,N,RENTED HOUSE - SINGLE FAMILY,1,0,0,(925) 284-2586,conor.evans@aol.com,N,Y,Y,Y,Y,N,NONE,N,N,Keep default.,4000,Keep default,1000,100000,N,100,91011,Tues,28.47,Patricia Ag,Cupertino
Renters,95125,Xander,Warner,04/05/1990,m,3200 Rubino Dr,San Jose,CA,N,RENTED HOUSE - SINGLE FAMILY,1,0,0,(408) 984-4767,adrian.reed@yahoo.com,N,Y,Y,Y,Y,Y,NONE,N,N,Keep default.,4000,Keep default,1000,100000,N,100,5678,Sat,30.80,Patricia Ag,Cupertino
Renters,95035,Chloe,Foster,05/06/1989,m,555 S Park Victoria Dr,Milpitas,CA,N,RENTED HOUSE - SINGLE FAMILY,1,0,0,(415) 354-4506,micah.trujillo@hotmail.com,N,Y,Y,Y,N,N,NONE,N,N,Keep default.,4000,Keep default,1000,100000,N,100,91011,Mon,22.48,Martha Ag,Cupertino
Renters,94086,Amelia,Bass,06/06/1986,f,355 E Evelyn Ave,Sunnyvale,CA,N,RENTED HOUSE - SINGLE FAMILY,1,0,0,(866) 932-5588,kole@yahoo.com,N,Y,Y,Y,N,Y,NONE,N,N,Keep default.,4000,Keep default,1000,100000,N,100,5678,Mon,20.98,John Ag,Redwood City
Renters,95050,Fynn,Mueller,03/08/1990,f,1599 Warburton Ave,Santa Clara,CA,N,RENTED HOUSE - SINGLE FAMILY,1,0,0,(619) 670-6400,zoey@aol.com,Y,N,N,N,Y,N,NONE,N,N,Keep default.,4000,Keep default,1000,100000,N,100,91011,Mon,26.55,John Ag,Redwood City
Renters,95035,Elsa,Hawkins,03/08/1990,f,555 S Park Victoria Dr,Milpitas,CA,N,RENTED HOUSE - SINGLE FAMILY,1,0,0,(888) 586-1355,micah.trujillo@hotmail.com,Y,N,N,N,Y,Y,NONE,N,N,Keep default.,4000,Keep default,1000,100000,N,100,1234,Tues,36.55,Martha Ag,Mtv
Renters,94304,Xander,Davenport,11/12/1990,m,1600 Sand Hill Rd,Palo Alto,CA,N,RENTED HOUSE - SINGLE FAMILY,1,0,0,(415) 924-1196,kole@yahoo.com,Y,N,N,N,N,N,NONE,N,N,Keep default.,4000,Keep default,1000,100000,N,100,5678,Mon,19.12,Patricia Ag,Mtv
Renters,94089,Juliette,Holloway,04/05/1990,f,1235 Wildwood Ave,Sunnyvale,CA,N,RENTED HOUSE - SINGLE FAMILY,1,0,0,(855) 641-0159,adrian.reed@yahoo.com,Y,N,N,N,N,Y,NONE,N,N,Keep default.,4000,Keep default,1000,100000,N,100,1234,Tues,22.86,Martha Ag,Mtv
Renters,94087,Jack,Dominguez,03/27/1987,m,575 E Remington Dr,Sunnyvale,CA,N,RENTED HOUSE - SINGLE FAMILY,1,0,0,(888) 271-6704,zoey@aol.com,Y,N,N,Y,Y,N,NONE,N,N,Keep default.,4000,Keep default,1000,100000,N,100,5678,Sat,15.41,John Ag,Mtv
Renters,95126,Griffin,Ryan,06/06/1986,f,2050 Southwest Expy 126,San Jose,CA,N,RENTED HOUSE - SINGLE FAMILY,1,0,0,(408) 866-1005,kole@yahoo.com,Y,N,N,Y,Y,Y,NONE,N,N,Keep default.,4000,Keep default,1000,100000,N,100,1234,Mon,41.09,John Ag,Redwood City
Renters,95125,Greyson,Spencer,03/03/1988,f,2118 Canoas Garden Ave,San Jose,CA,N,RENTED HOUSE - SINGLE FAMILY,1,0,0,(760) 434-6161,micah@aol.com,Y,N,N,Y,N,N,NONE,N,N,Keep default.,4000,Keep default,1000,100000,N,100,91011,Sat,18.36,John Ag,Redwood City
Renters,95125,Chloe,Morgan,03/27/1987,f,2118 Canoas Garden Ave,San Jose,CA,N,RENTED HOUSE - SINGLE FAMILY,1,0,0,(858) 693-1175,xavier@aol.com,Y,N,N,Y,N,Y,NONE,N,N,Keep default.,4000,Keep default,1000,100000,N,100,91011,Sat,33.84,Patricia Ag,Mtv
Renters,95134,Elsa,Sherman,11/18/1989,m,345 Village Center Dr,San Jose,CA,N,RENTED HOUSE - SINGLE FAMILY,1,0,0,(866) 932-5588,zoey@aol.com,Y,N,Y,N,Y,N,NONE,N,N,Keep default.,4000,Keep default,1000,100000,N,100,1234,Sat,27.88,John Ag,Cupertino
Renters,95125,Benjamin,Lang,02/04/1989,f,1776 Almaden Rd,San Jose,CA,N,RENTED HOUSE - SINGLE FAMILY,1,0,0,(707) 653-5931,kole@yahoo.com,Y,N,Y,N,Y,Y,NONE,N,N,Keep default.,4000,Keep default,1000,100000,N,100,1234,Tues,25.31,Martha Ag,Mtv
Renters,95134,Lilah,Lawrence,03/27/1987,f,70 Descanso Dr,San Jose,CA,N,RENTED HOUSE - SINGLE FAMILY,1,0,0,(415) 567-0683,conor.evans@aol.com,Y,N,Y,N,N,N,NONE,N,N,Keep default.,4000,Keep default,1000,100000,N,100,1234,Sat,37.64,John Ag,Mtv
Renters,95123,Fynn,Rice,04/05/1990,m,1045 Coleman Rd,San Jose,CA,N,RENTED HOUSE - SINGLE FAMILY,1,0,0,(408) 216-8945,conor.evans@aol.com,Y,N,Y,N,N,Y,NONE,N,N,Keep default.,4000,Keep default,1000,100000,N,100,1234,Mon,42.81,John Ag,Redwood City
Renters,95126,Henry,Nichols,03/27/1987,m,2050 Southwest Expy 126,San Jose,CA,N,RENTED HOUSE - SINGLE FAMILY,1,0,0,(408) 984-4767,conor.evans@aol.com,Y,N,Y,Y,Y,N,NONE,N,N,Keep default.,4000,Keep default,1000,100000,N,100,5678,Tues,37.21,John Ag,Redwood City
Renters,95030,Chloe,Horton,07/31/1988,m,10 Jackson St 107,Los Gatos,CA,N,RENTED HOUSE - SINGLE FAMILY,1,0,0,(888) 270-6855,adrian.reed@yahoo.com,Y,N,Y,Y,Y,Y,NONE,N,N,Keep default.,4000,Keep default,1000,100000,N,100,1234,Sat,19.37,Patricia Ag,Redwood City
Renters,95136,Isabelle,Bowen,03/08/1990,f,5230 Terner Way,San Jose,CA,N,RENTED HOUSE - SINGLE FAMILY,1,0,0,(415) 586-8940,xavier@aol.com,Y,N,Y,Y,N,N,NONE,N,N,Keep default.,4000,Keep default,1000,100000,N,100,5678,Sat,27.88,Martha Ag,Cupertino
Renters,95054,Jacob,Hoover,03/08/1990,f,730 Agnew Rd,Santa Clara,CA,N,RENTED HOUSE - SINGLE FAMILY,1,0,0,(415) 330-9252,micah@aol.com,Y,N,Y,Y,N,Y,NONE,N,N,Keep default.,4000,Keep default,1000,100000,N,100,5678,Mon,21.23,John Ag,Redwood City
Renters,94086,Anastasia,Flowers,04/05/1990,m,243 Buena Vista Ave,Sunnyvale,CA,N,RENTED HOUSE - SINGLE FAMILY,1,0,0,(408) 586-9001,micah@aol.com,Y,Y,N,N,Y,N,NONE,N,N,Keep default.,4000,Keep default,1000,100000,N,100,91011,Sat,43.12,Martha Ag,Cupertino
Renters,94087,Sophia,Castillo,06/06/1986,f,1032 W Remington Dr,Sunnyvale,CA,N,RENTED HOUSE - SINGLE FAMILY,1,0,0,(619) 281-4006,adrian.reed@yahoo.com,Y,Y,N,N,Y,Y,NONE,N,N,Keep default.,4000,Keep default,1000,100000,N,100,5678,Mon,19.29,John Ag,Redwood City
Renters,94040,Arya,Hughes,05/06/1989,m,1200 Dale Ave,Mountain View,CA,N,RENTED HOUSE - SINGLE FAMILY,1,0,0,(650) 359-1757,micah.trujillo@hotmail.com,Y,Y,N,N,N,N,NONE,N,N,Keep default.,4000,Keep default,1000,100000,N,100,5678,Tues,37.55,John Ag,Mtv
Renters,95136,James,Scott,11/18/1989,m,5230 Terner Way,San Jose,CA,N,RENTED HOUSE - SINGLE FAMILY,1,0,0,(650) 588-0220,adrian.reed@yahoo.com,Y,Y,N,N,N,Y,NONE,N,N,Keep default.,4000,Keep default,1000,100000,N,100,5678,Sat,16.52,Patricia Ag,Cupertino
Renters,95123,Ruby,Greene,07/31/1988,f,6184 Cottle Rd,San Jose,CA,N,RENTED HOUSE - SINGLE FAMILY,1,0,0,(619) 447-3000,vivienne.weber@gmail.com,Y,Y,N,Y,Y,N,NONE,N,N,Keep default.,4000,Keep default,1000,100000,N,100,5678,Sat,29.31,Martha Ag,Cupertino
Renters,94089,Natalie,Vega,07/31/1988,m,1235 Wildwood Ave,Sunnyvale,CA,N,RENTED HOUSE - SINGLE FAMILY,1,0,0,(831) 373-1025,adrian.reed@yahoo.com,Y,Y,N,Y,Y,Y,NONE,N,N,Keep default.,4000,Keep default,1000,100000,N,100,5678,Tues,42.21,Patricia Ag,Mtv
Renters,95136,William,Yang,03/03/1988,f,4300 The Woods Dr,San Jose,CA,N,RENTED HOUSE - SINGLE FAMILY,1,0,0,(408) 984-4767,conor.evans@aol.com,Y,Y,N,Y,N,N,NONE,N,N,Keep default.,4000,Keep default,1000,100000,N,100,5678,Mon,22.86,John Ag,Cupertino
Renters,95008,Emmett,Hudson,12/1/1988,m,2275 S Bascom Ave,Campbell,CA,N,RENTED HOUSE - SINGLE FAMILY,1,0,0,(510) 865-1139,zoey@aol.com,Y,Y,N,Y,N,Y,NONE,N,N,Keep default.,4000,Keep default,1000,100000,N,100,1234,Sat,31.17,Patricia Ag,Mtv
Renters,94085,Gabriella,Mcdonald,12/1/1988,m,355 N Wolfe Rd,Sunnyvale,CA,N,RENTED HOUSE - SINGLE FAMILY,1,0,0,(650) 968-8384,kole@yahoo.com,Y,Y,Y,N,Y,N,NONE,N,N,Keep default.,4000,Keep default,1000,100000,N,100,1234,Sat,20.26,Patricia Ag,Redwood City
Renters,95008,Madelyn,Long,07/31/1988,f,2275 S Bascom Ave,Campbell,CA,N,RENTED HOUSE - SINGLE FAMILY,1,0,0,(415) 354-4501,micah@aol.com,Y,Y,Y,N,Y,Y,NONE,N,N,Keep default.,4000,Keep default,1000,100000,N,100,1234,Mon,31.07,Martha Ag,Cupertino
Renters,95054,Atticus,Arnold,04/05/1990,m,550 Moreland Way,Santa Clara,CA,N,RENTED HOUSE - SINGLE FAMILY,1,0,0,(415) 459-3577,conor.evans@aol.com,Y,Y,Y,N,N,N,NONE,N,N,Keep default.,4000,Keep default,1000,100000,N,100,5678,Tues,30.57,Patricia Ag,Mtv
Renters,95123,Arabella,Fernandez,03/08/1990,m,150 Palm Valley Blvd,San Jose,CA,N,RENTED HOUSE - SINGLE FAMILY,1,0,0,(408) 923-3200,kole@yahoo.com,Y,Y,Y,N,N,Y,NONE,N,N,Keep default.,4000,Keep default,1000,100000,N,100,5678,Mon,29.35,Patricia Ag,Mtv
Renters,95051,Quinn,Chen,03/08/1990,m,100 Buckingham Dr,Santa Clara,CA,N,RENTED HOUSE - SINGLE FAMILY,1,0,0,(650) 265-2120,conor.evans@aol.com,Y,Y,Y,Y,Y,N,NONE,N,N,Keep default.,4000,Keep default,1000,100000,N,100,1234,Sat,43.62,Martha Ag,Cupertino
Renters,95111,Rosalie,Daniel,05/06/1989,m,2600 Corde Terra Cir,San Jose,CA,N,RENTED HOUSE - SINGLE FAMILY,1,0,0,(408) 735-9780,micah.trujillo@hotmail.com,Y,Y,Y,Y,Y,Y,NONE,N,N,Keep default.,4000,Keep default,1000,100000,N,100,5678,Sat,41.90,Martha Ag,Mtv
Renters,95134,Clara,Burton,03/27/1987,f,4343 Renaissance Dr,San Jose,CA,N,RENTED HOUSE - SINGLE FAMILY,1,0,0,(650) 352-3601,kole@yahoo.com,Y,Y,Y,Y,N,N,NONE,N,N,Keep default.,4000,Keep default,1000,100000,N,100,1234,Sat,21.02,John Ag,Cupertino
Renters,94304,Clara,French,03/08/1990,m,700 Clark Way,Palo Alto,CA,N,RENTED HOUSE - SINGLE FAMILY,1,0,0,(415) 821-7280,micah@aol.com,Y,Y,Y,Y,N,Y,NONE,N,N,Keep default.,4000,Keep default,1000,100000,N,100,5678,Mon,21.02,John Ag,Redwood City
Renters,95030,Alice,Alexander,04/05/1990,f,10 Jackson St 107,Los Gatos,CA,Y,RENTED HOUSE - SINGLE FAMILY,1,0,0,(858) 486-4834,kole@yahoo.com,N,N,N,N,Y,N,NONE,N,N,Keep default.,4000,Keep default,1000,100000,N,100,1234,Tues,21.22,Martha Ag,Redwood City
Renters,94086,Hunter,Hart,02/04/1989,f,718 Old San Francisco Rd,Sunnyvale,CA,Y,RENTED HOUSE - SINGLE FAMILY,1,0,0,(415) 580-6272,micah@aol.com,N,N,N,N,Y,Y,NONE,N,N,Keep default.,4000,Keep default,1000,100000,N,100,1234,Sat,43.45,Martha Ag,Mtv
Renters,94085,Lea,Ball,11/12/1990,m,355 N Wolfe Rd,Sunnyvale,CA,Y,RENTED HOUSE - SINGLE FAMILY,1,0,0,(844) 325-4744,micah@aol.com,N,N,N,N,N,N,NONE,N,N,Keep default.,4000,Keep default,1000,100000,N,100,5678,Mon,19.08,Patricia Ag,Cupertino
Renters,95054,Micah,Gibson,02/04/1989,f,1500 Vista Club Cir,Santa Clara,CA,Y,RENTED HOUSE - SINGLE FAMILY,1,0,0,(650) 991-0777,adrian.reed@yahoo.com,N,N,N,N,N,Y,NONE,N,N,Keep default.,4000,Keep default,1000,100000,N,100,5678,Sat,22.86,John Ag,Mtv
Renters,94086,Reece,Tate,05/06/1989,m,555 E Washington Ave,Sunnyvale,CA,Y,RENTED HOUSE - SINGLE FAMILY,1,0,0,(619) 448-8282,kole@yahoo.com,N,N,N,Y,Y,N,NONE,N,N,Keep default.,4000,Keep default,1000,100000,N,100,1234,Tues,16.34,Martha Ag,Mtv
Renters,95051,Reece,Nguyen,02/04/1989,m,100 Buckingham Dr,Santa Clara,CA,Y,RENTED HOUSE - SINGLE FAMILY,1,0,0,(619) 670-6400,micah.trujillo@hotmail.com,N,N,N,Y,Y,Y,NONE,N,N,Keep default.,4000,Keep default,1000,100000,N,100,5678,Mon,43.03,Martha Ag,Cupertino
Renters,95111,Jase,Haynes,07/31/1988,m,2600 Corde Terra Cir,San Jose,CA,Y,RENTED HOUSE - SINGLE FAMILY,1,0,0,(415) 334-2698,adrian.reed@yahoo.com,N,N,N,Y,N,N,NONE,N,N,Keep default.,4000,Keep default,1000,100000,N,100,5678,Mon,23.47,Martha Ag,Cupertino
Renters,95054,Xander,Bell,02/04/1989,m,4500 Carlyle Ct,Santa Clara,CA,Y,RENTED HOUSE - SINGLE FAMILY,1,0,0,(415) 648-1910,micah.trujillo@hotmail.com,N,N,N,Y,N,Y,NONE,N,N,Keep default.,4000,Keep default,1000,100000,N,100,5678,Sat,20.98,Patricia Ag,Redwood City
Renters,94086,Gabriella,Thomas,03/03/1988,m,825 E Evelyn Ave,Sunnyvale,CA,Y,RENTED HOUSE - SINGLE FAMILY,1,0,0,(415) 285-1231,william.cain@yahoo.com,N,N,Y,N,Y,N,NONE,N,N,Keep default.,4000,Keep default,1000,100000,N,100,1234,Tues,35.19,John Ag,Mtv
Renters,94085,Atticus,Cruz,05/06/1989,f,330 N Mathilda Ave,Sunnyvale,CA,Y,RENTED HOUSE - SINGLE FAMILY,1,0,0,(760) 598-9000,xavier@aol.com,N,N,Y,N,Y,Y,NONE,N,N,Keep default.,4000,Keep default,1000,100000,N,100,1234,Sat,37.35,Martha Ag,Mtv
Renters,95136,Luna,Nelson,11/12/1990,m,3601 Copperfield Dr,San Jose,CA,Y,RENTED HOUSE - SINGLE FAMILY,1,0,0,(415) 956-8858,zoey@aol.com,N,N,Y,N,N,N,NONE,N,N,Keep default.,4000,Keep default,1000,100000,N,100,5678,Sat,21.02,John Ag,Mtv
Renters,95128,Audrey,Bates,02/04/1989,f,500 S Winchester Blvd,San Jose,CA,Y,RENTED HOUSE - SINGLE FAMILY,1,0,0,(844) 250-7147,kole@yahoo.com,N,N,Y,N,N,Y,NONE,N,N,Keep default.,4000,Keep default,1000,100000,N,100,5678,Sat,33.84,John Ag,Cupertino
Renters,95134,Sienna,Schmidt,04/05/1990,f,4343 Renaissance Dr,San Jose,CA,Y,RENTED HOUSE - SINGLE FAMILY,1,0,0,(925) 452-7910,vivienne.weber@gmail.com,N,N,Y,Y,Y,N,NONE,N,N,Keep default.,4000,Keep default,1000,100000,N,100,1234,Sat,21.02,Martha Ag,Cupertino
Renters,95134,Audrey,Holland,02/04/1989,m,345 Village Center Dr,San Jose,CA,Y,RENTED HOUSE - SINGLE FAMILY,1,0,0,(650) 265-2120,zoey@aol.com,N,N,Y,Y,Y,Y,NONE,N,N,Keep default.,4000,Keep default,1000,100000,N,100,91011,Tues,33.26,Martha Ag,Redwood City
Renters,95136,Connor,Chang,05/06/1989,m,3601 Copperfield Dr,San Jose,CA,Y,RENTED HOUSE - SINGLE FAMILY,1,0,0,(858) 457-5161,william.cain@yahoo.com,N,N,Y,Y,N,N,NONE,N,N,Keep default.,4000,Keep default,1000,100000,N,100,1234,Tues,15.41,Patricia Ag,Redwood City
Renters,95126,Nicholas,Cook,12/1/1988,m,1201 Parkmoor Ave,San Jose,CA,Y,RENTED HOUSE - SINGLE FAMILY,1,0,0,(408) 377-2331,kole@yahoo.com,N,N,Y,Y,N,Y,NONE,N,N,Keep default.,4000,Keep default,1000,100000,N,100,1234,Sat,43.06,Martha Ag,Cupertino
Renters,95138,Claire,Gonzalez,06/06/1986,m,6100 Monterey Hwy,San Jose,CA,Y,RENTED HOUSE - SINGLE FAMILY,1,0,0,(650) 344-2510,elliot@yahoo.com,N,Y,N,N,Y,N,NONE,N,N,Keep default.,4000,Keep default,1000,100000,N,100,5678,Tues,35.28,John Ag,Redwood City
Renters,95054,Lilly,Chavez,04/05/1990,m,1500 Vista Club Cir,Santa Clara,CA,Y,RENTED HOUSE - SINGLE FAMILY,1,0,0,(415) 459-3577,xavier@aol.com,N,Y,N,N,Y,Y,NONE,N,N,Keep default.,4000,Keep default,1000,100000,N,100,1234,Tues,37.64,Martha Ag,Mtv
Renters,95051,Leila,Mcdaniel,12/1/1988,f,1901 Halford Ave,Santa Clara,CA,Y,RENTED HOUSE - SINGLE FAMILY,1,0,0,(760) 489-9272,kole@yahoo.com,N,Y,N,N,N,N,NONE,N,N,Keep default.,4000,Keep default,1000,100000,N,100,1234,Mon,41.15,Martha Ag,Cupertino
Renters,94085,Sebastien,Rodgers,11/18/1989,f,355 N Wolfe Rd,Sunnyvale,CA,Y,RENTED HOUSE - SINGLE FAMILY,1,0,0,(925) 943-7977,elliot@yahoo.com,N,Y,N,N,N,Y,NONE,N,N,Keep default.,4000,Keep default,1000,100000,N,100,1234,Sat,43.62,Patricia Ag,Cupertino
Renters,95050,Addison,Cooper,03/03/1988,f,1599 Warburton Ave,Santa Clara,CA,Y,RENTED HOUSE - SINGLE FAMILY,1,0,0,(925) 283-9912,micah.trujillo@hotmail.com,N,Y,N,Y,Y,N,NONE,N,N,Keep default.,4000,Keep default,1000,100000,N,100,5678,Sat,22.87,Martha Ag,Redwood City
Renters,95126,Noah,Ball,11/18/1989,f,2050 Southwest Expy 126,San Jose,CA,Y,RENTED HOUSE - SINGLE FAMILY,1,0,0,(619) 443-6702,zoey@aol.com,N,Y,N,Y,Y,Y,NONE,N,N,Keep default.,4000,Keep default,1000,100000,N,100,5678,Tues,34.49,Martha Ag,Redwood City
Renters,94089,Elisabeth,Cole,11/18/1989,f,1235 Wildwood Ave,Sunnyvale,CA,Y,RENTED HOUSE - SINGLE FAMILY,1,0,0,(510) 494-9500,kole@yahoo.com,N,Y,N,Y,N,N,NONE,N,N,Keep default.,4000,Keep default,1000,100000,N,100,1234,Sat,21.30,Martha Ag,Redwood City
Renters,94086,Lincoln,Rivera,07/31/1988,m,355 E Evelyn Ave,Sunnyvale,CA,Y,RENTED HOUSE - SINGLE FAMILY,1,0,0,(415) 474-8052,conor.evans@aol.com,N,Y,N,Y,N,Y,NONE,N,N,Keep default.,4000,Keep default,1000,100000,N,100,91011,Sat,24.09,Martha Ag,Cupertino
Renters,95030,Hazel,Dominguez,02/04/1989,f,10 Jackson St 107,Los Gatos,CA,Y,RENTED HOUSE - SINGLE FAMILY,1,0,0,(415) 334-1880,william.cain@yahoo.com,N,Y,Y,N,Y,N,NONE,N,N,Keep default.,4000,Keep default,1000,100000,N,100,5678,Mon,33.19,Patricia Ag,Cupertino
Renters,95123,Landon,Holland,04/05/1990,f,6184 Cottle Rd,San Jose,CA,Y,RENTED HOUSE - SINGLE FAMILY,1,0,0,(831) 240-0589,vivienne.weber@gmail.com,N,Y,Y,N,Y,Y,NONE,N,N,Keep default.,4000,Keep default,1000,100000,N,100,91011,Sat,24.09,John Ag,Mtv
Renters,95014,Max,Duran,04/05/1990,f,7375 Rollingdell Dr,Cupertino,CA,Y,RENTED HOUSE - SINGLE FAMILY,1,0,0,(619) 281-4006,zoey@aol.com,N,Y,Y,N,N,N,NONE,N,N,Keep default.,4000,Keep default,1000,100000,N,100,5678,Tues,33.19,Patricia Ag,Mtv
Renters,94087,Scarlet,Skinner,07/31/1988,f,1032 W Remington Dr,Sunnyvale,CA,Y,RENTED HOUSE - SINGLE FAMILY,1,0,0,(510) 886-0616,elliot@yahoo.com,N,Y,Y,N,N,Y,NONE,N,N,Keep default.,4000,Keep default,1000,100000,N,100,91011,Tues,38.16,Patricia Ag,Redwood City
Renters,94087,Elisabeth,Gordon,03/27/1987,m,1032 W Remington Dr,Sunnyvale,CA,Y,RENTED HOUSE - SINGLE FAMILY,1,0,0,(415) 921-1969,conor.evans@aol.com,N,Y,Y,Y,Y,N,NONE,N,N,Keep default.,4000,Keep default,1000,100000,N,100,1234,Sat,19.24,Martha Ag,Redwood City
Renters,95112,Zackery,Ballard,03/03/1988,f,1700 N 1st St,San Jose,CA,Y,RENTED HOUSE - SINGLE FAMILY,1,0,0,(415) 474-0333,xavier@aol.com,N,Y,Y,Y,Y,Y,NONE,N,N,Keep default.,4000,Keep default,1000,100000,N,100,5678,Sat,20.26,John Ag,Redwood City
Renters,95136,Penelope,Wright,07/31/1988,m,4300 The Woods Dr,San Jose,CA,Y,RENTED HOUSE - SINGLE FAMILY,1,0,0,(650) 282-3083,kole@yahoo.com,N,Y,Y,Y,N,N,NONE,N,N,Keep default.,4000,Keep default,1000,100000,N,100,5678,Sat,37.21,John Ag,Cupertino
Renters,95035,Gideon,Silva,11/18/1989,m,755 E Capitol Ave,Milpitas,CA,Y,RENTED HOUSE - SINGLE FAMILY,1,0,0,(650) 440-7285,william.cain@yahoo.com,N,Y,Y,Y,N,Y,NONE,N,N,Keep default.,4000,Keep default,1000,100000,N,100,1234,Mon,33.84,Martha Ag,Cupertino
Renters,95126,Ryder,Bryan,05/06/1989,f,1201 Parkmoor Ave,San Jose,CA,Y,RENTED HOUSE - SINGLE FAMILY,1,0,0,(510) 352-5900,xavier@aol.com,Y,N,N,N,Y,N,NONE,N,N,Keep default.,4000,Keep default,1000,100000,N,100,5678,Mon,16.52,Patricia Ag,Mtv
Renters,95126,Jude,Carson,06/06/1986,f,1300 The Alameda,San Jose,CA,Y,RENTED HOUSE - SINGLE FAMILY,1,0,0,(619) 443-1720,conor.evans@aol.com,Y,N,N,N,Y,Y,NONE,N,N,Keep default.,4000,Keep default,1000,100000,N,100,1234,Sat,22.65,Patricia Ag,Cupertino
Renters,95014,Lucy,Page,12/1/1988,f,7375 Rollingdell Dr,Cupertino,CA,Y,RENTED HOUSE - SINGLE FAMILY,1,0,0,(408) 384-8887,conor.evans@aol.com,Y,N,N,N,N,N,NONE,N,N,Keep default.,4000,Keep default,1000,100000,N,100,91011,Tues,16.52,Patricia Ag,Cupertino
Renters,95113,Eloise,Martinez,03/03/1988,m,360 S Market St,San Jose,CA,Y,RENTED HOUSE - SINGLE FAMILY,1,0,0,(408) 873-9090,zoey@aol.com,Y,N,N,N,N,Y,NONE,N,N,Keep default.,4000,Keep default,1000,100000,N,100,5678,Tues,20.98,Patricia Ag,Cupertino
Renters,94085,Colton,Zimmerman,03/03/1988,m,330 N Mathilda Ave,Sunnyvale,CA,Y,RENTED HOUSE - SINGLE FAMILY,1,0,0,(415) 241-0100,xavier@aol.com,Y,N,N,Y,Y,N,NONE,N,N,Keep default.,4000,Keep default,1000,100000,N,100,5678,Tues,43.62,John Ag,Redwood City
Renters,95020,Isaac,Pacheco,06/06/1986,f,500 Ioof Ave,Gilroy,CA,Y,RENTED HOUSE - SINGLE FAMILY,1,0,0,(408) 295-1360,vivienne.weber@gmail.com,Y,N,N,Y,Y,Y,NONE,N,N,Keep default.,4000,Keep default,1000,100000,N,100,1234,Sat,41.12,Patricia Ag,Cupertino
Renters,95136,Zachery,Maxwell,05/06/1989,f,5230 Terner Way,San Jose,CA,Y,RENTED HOUSE - SINGLE FAMILY,1,0,0,(858) 571-0104,elliot@yahoo.com,Y,N,N,Y,N,N,NONE,N,N,Keep default.,4000,Keep default,1000,100000,N,100,5678,Sat,33.36,Patricia Ag,Mtv
Renters,95051,Gabriel,Tran,02/04/1989,f,101 Saratoga Ave,Santa Clara,CA,Y,RENTED HOUSE - SINGLE FAMILY,1,0,0,(510) 793-2535,kole@yahoo.com,Y,N,N,Y,N,Y,NONE,N,N,Keep default.,4000,Keep default,1000,100000,N,100,1234,Sat,20.26,Martha Ag,Mtv
Renters,95014,Emmett,Santos,05/06/1989,f,20800 Homestead Rd,Cupertino,CA,Y,RENTED HOUSE - SINGLE FAMILY,1,0,0,(415) 285-5966,kole@yahoo.com,Y,N,Y,N,Y,N,NONE,N,N,Keep default.,4000,Keep default,1000,100000,N,100,1234,Tues,21.30,Patricia Ag,Mtv
Renters,94086,Samuel,Cooper,04/05/1990,f,718 Old San Francisco Rd,Sunnyvale,CA,Y,RENTED HOUSE - SINGLE FAMILY,1,0,0,(707) 745-3000,william.cain@yahoo.com,Y,N,Y,N,Y,Y,NONE,N,N,Keep default.,4000,Keep default,1000,100000,N,100,1234,Sat,25.95,Martha Ag,Cupertino
Renters,94301,Reece,Brady,03/03/1988,f,459 Hamilton Ave,Palo Alto,CA,Y,RENTED HOUSE - SINGLE FAMILY,1,0,0,(650) 991-0777,elliot@yahoo.com,Y,N,Y,N,N,N,NONE,N,N,Keep default.,4000,Keep default,1000,100000,N,100,5678,Sat,21.02,Patricia Ag,Cupertino
Renters,94086,Adam,Gilbert,03/03/1988,f,555 E Washington Ave,Sunnyvale,CA,Y,RENTED HOUSE - SINGLE FAMILY,1,0,0,(650) 348-6130,micah.trujillo@hotmail.com,Y,N,Y,N,N,Y,NONE,N,N,Keep default.,4000,Keep default,1000,100000,N,100,5678,Tues,30.13,Patricia Ag,Mtv
Renters,95123,Theodore,Lee,05/06/1989,f,1045 Coleman Rd,San Jose,CA,Y,RENTED HOUSE - SINGLE FAMILY,1,0,0,(877) 713-3968,micah@aol.com,Y,N,Y,Y,Y,N,NONE,N,N,Keep default.,4000,Keep default,1000,100000,N,100,91011,Sat,34.49,Patricia Ag,Redwood City
Renters,95131,Dillan,Foster,02/04/1989,f,1600 Whitewood Dr,San Jose,CA,Y,RENTED HOUSE - SINGLE FAMILY,1,0,0,(408) 297-4675,william.cain@yahoo.com,Y,N,Y,Y,Y,Y,NONE,N,N,Keep default.,4000,Keep default,1000,100000,N,100,5678,Sat,40.26,Patricia Ag,Cupertino
Renters,95050,Luna,Mcdonald,06/06/1986,m,431 El Camino Real,Santa Clara,CA,Y,RENTED HOUSE - SINGLE FAMILY,1,0,0,(619) 448-8282,xavier@aol.com,Y,N,Y,Y,N,N,NONE,N,N,Keep default.,4000,Keep default,1000,100000,N,100,5678,Sat,42.81,John Ag,Mtv
Renters,95112,Scarlett,Larson,03/27/1987,f,1700 N 1st St,San Jose,CA,Y,RENTED HOUSE - SINGLE FAMILY,1,0,0,(408) 216-8947,xavier@aol.com,Y,N,Y,Y,N,Y,NONE,N,N,Keep default.,4000,Keep default,1000,100000,N,100,5678,Sat,16.37,John Ag,Mtv
Renters,95020,Josephine,Kramer,03/08/1990,f,500 Ioof Ave,Gilroy,CA,Y,RENTED HOUSE - SINGLE FAMILY,1,0,0,(866) 894-6343,elliot@yahoo.com,Y,Y,N,N,Y,N,NONE,N,N,Keep default.,4000,Keep default,1000,100000,N,100,1234,Sat,17.16,John Ag,Cupertino
Renters,95054,Everly,Byrd,03/27/1987,f,502 Mansion Park Dr,Santa Clara,CA,Y,RENTED HOUSE - SINGLE FAMILY,1,0,0,(415) 584-4800,zoey@aol.com,Y,Y,N,N,Y,Y,NONE,N,N,Keep default.,4000,Keep default,1000,100000,N,100,5678,Tues,21.22,Patricia Ag,Cupertino
Renters,95014,Sawyer,Mcdonald,03/08/1990,f,7375 Rollingdell Dr,Cupertino,CA,Y,RENTED HOUSE - SINGLE FAMILY,1,0,0,(858) 693-1175,conor.evans@aol.com,Y,Y,N,N,N,N,NONE,N,N,Keep default.,4000,Keep default,1000,100000,N,100,5678,Sat,39.64,Martha Ag,Redwood City
Renters,94086,Iris,Franco,04/05/1990,f,201 W California Ave,Sunnyvale,CA,Y,RENTED HOUSE - SINGLE FAMILY,1,0,0,(415) 284-9080,vivienne.weber@gmail.com,Y,Y,N,N,N,Y,NONE,N,N,Keep default.,4000,Keep default,1000,100000,N,100,5678,Tues,43.06,John Ag,Mtv
Renters,95138,Lea,Holloway,06/06/1986,f,6100 Monterey Hwy,San Jose,CA,Y,RENTED HOUSE - SINGLE FAMILY,1,0,0,(408) 733-2306,vivienne.weber@gmail.com,Y,Y,N,Y,Y,N,NONE,N,N,Keep default.,4000,Keep default,1000,100000,N,100,5678,Sat,33.19,John Ag,Redwood City
Renters,95138,Hannah,Manning,05/06/1989,f,6100 Monterey Hwy,San Jose,CA,Y,RENTED HOUSE - SINGLE FAMILY,1,0,0,(408) 456-0700,conor.evans@aol.com,Y,Y,N,Y,Y,Y,NONE,N,N,Keep default.,4000,Keep default,1000,100000,N,100,1234,Mon,25.31,Martha Ag,Mtv
Renters,95111,Wyatt,Simon,11/18/1989,f,2600 Corde Terra Cir,San Jose,CA,Y,RENTED HOUSE - SINGLE FAMILY,1,0,0,(831) 240-0589,micah@aol.com,Y,Y,N,Y,N,N,NONE,N,N,Keep default.,4000,Keep default,1000,100000,N,100,5678,Mon,25.31,Patricia Ag,Cupertino
Renters,95008,Isabelle,Cohen,05/06/1989,m,2275 S Bascom Ave,Campbell,CA,Y,RENTED HOUSE - SINGLE FAMILY,1,0,0,(707) 781-1993,vivienne.weber@gmail.com,Y,Y,N,Y,N,Y,NONE,N,N,Keep default.,4000,Keep default,1000,100000,N,100,1234,Mon,28.47,Patricia Ag,Cupertino
Renters,94301,Elliott,Willis,06/06/1986,m,459 Hamilton Ave,Palo Alto,CA,Y,RENTED HOUSE - SINGLE FAMILY,1,0,0,(831) 585-1628,adrian.reed@yahoo.com,Y,Y,Y,N,Y,N,NONE,N,N,Keep default.,4000,Keep default,1000,100000,N,100,91011,Tues,15.63,Martha Ag,Mtv
Renters,94089,Sebastian,Romero,06/06/1986,m,1235 Wildwood Ave,Sunnyvale,CA,Y,RENTED HOUSE - SINGLE FAMILY,1,0,0,(650) 341-9900,conor.evans@aol.com,Y,Y,Y,N,Y,Y,NONE,N,N,Keep default.,4000,Keep default,1000,100000,N,100,5678,Sat,30.80,Patricia Ag,Cupertino
Renters,95035,Aiden,Hamilton,05/06/1989,f,555 S Park Victoria Dr,Milpitas,CA,Y,RENTED HOUSE - SINGLE FAMILY,1,0,0,(858) 457-5161,micah@aol.com,Y,Y,Y,N,N,N,NONE,N,N,Keep default.,4000,Keep default,1000,100000,N,100,91011,Tues,41.98,Martha Ag,Redwood City
Renters,94040,Grace,Barber,03/03/1988,f,234 Escuela Ave,Mountain View,CA,Y,RENTED HOUSE - SINGLE FAMILY,1,0,0,(510) 236-2860,zoey@aol.com,Y,Y,Y,N,N,Y,NONE,N,N,Keep default.,4000,Keep default,1000,100000,N,100,1234,Sat,19.29,Martha Ag,Cupertino
Renters,94086,Leila,Cruz,03/03/1988,m,1035 Aster Ave,Sunnyvale,CA,Y,RENTED HOUSE - SINGLE FAMILY,1,0,0,(650) 557-4116,kole@yahoo.com,Y,Y,Y,Y,Y,N,NONE,N,N,Keep default.,4000,Keep default,1000,100000,N,100,1234,Tues,21.02,John Ag,Redwood City
Renters,95051,Elisabeth,Santos,03/27/1987,m,1901 Halford Ave,Santa Clara,CA,Y,RENTED HOUSE - SINGLE FAMILY,1,0,0,(415) 787-4485,conor.evans@aol.com,Y,Y,Y,Y,Y,Y,NONE,N,N,Keep default.,4000,Keep default,1000,100000,N,100,1234,Mon,29.31,Martha Ag,Redwood City
Renters,94086,Anabel,Wong,04/05/1990,m,243 Buena Vista Ave,Sunnyvale,CA,Y,RENTED HOUSE - SINGLE FAMILY,1,0,0,(415) 664-2822,micah.trujillo@hotmail.com,Y,Y,Y,Y,N,N,NONE,N,N,Keep default.,4000,Keep default,1000,100000,N,100,5678,Mon,15.58,John Ag,Cupertino
Renters,95126,Rider,Maxwell,12/1/1988,f,850 Meridian Way,San Jose,CA,Y,RENTED HOUSE - SINGLE FAMILY,1,0,0,(408) 549-1209,adrian.reed@yahoo.com,Y,Y,Y,Y,N,Y,NONE,N,N,Keep default.,4000,Keep default,1000,100000,N,100,5678,Sat,18.34,Patricia Ag,Mtv
Renters,95126,Lucy,Medina,11/12/1990,f,1300 The Alameda,San Jose,CA,N,RENTED HOUSE - SINGLE FAMILY,1,0,0,(415) 223-0828,vivienne.weber@gmail.com,N,N,N,N,Y,N,NONE,N,N,Keep default.,4000,Keep default,1000,100000,N,100,5678,Tues,21.30,Patricia Ag,Cupertino
Renters,95054,Hannah,Black,02/04/1989,f,1500 Vista Club Cir,Santa Clara,CA,N,RENTED HOUSE - SINGLE FAMILY,1,0,0,(866) 451-2806,william.cain@yahoo.com,N,N,N,N,Y,N,NONE,N,N,Keep default.,4000,Keep default,1000,100000,Y,100,91011,Tues,24.42,Martha Ag,Redwood City
Renters,95050,Zackery,Murray,11/18/1989,m,444 Saratoga Ave,Santa Clara,CA,N,RENTED HOUSE - SINGLE FAMILY,2 to 4,0,0,(408) 866-1005,elliot@yahoo.com,N,N,N,N,Y,N,NONE,N,N,Keep default.,4000,Keep default,1000,100000,N,100,91011,Mon,31.17,John Ag,Cupertino
Renters,95014,Aaron,Carter,05/06/1989,f,20800 Homestead Rd,Cupertino,CA,N,RENTED HOUSE - SINGLE FAMILY,2 to 4,0,0,(415) 334-1880,adrian.reed@yahoo.com,N,N,N,N,Y,N,NONE,N,N,Keep default.,4000,Keep default,1000,100000,Y,100,5678,Sat,17.88,Martha Ag,Redwood City
Renters,94304,Chase,Peterson,03/08/1990,f,700 Clark Way,Palo Alto,CA,N,RENTED HOUSE - SINGLE FAMILY,5+,0,0,(415) 701-8366,micah.trujillo@hotmail.com,N,N,N,N,Y,N,NONE,N,N,Keep default.,4000,Keep default,1000,100000,N,100,1234,Sat,21.30,Patricia Ag,Mtv
Renters,95112,Dillan,Blake,03/08/1990,m,1700 N 1st St,San Jose,CA,N,RENTED HOUSE - SINGLE FAMILY,5+,0,0,(831) 240-0589,adrian.reed@yahoo.com,N,N,N,N,Y,N,NONE,N,N,Keep default.,4000,Keep default,1000,100000,Y,100,91011,Mon,17.88,John Ag,Mtv
Renters,95138,Penelope,Haynes,05/06/1989,m,6100 Monterey Hwy,San Jose,CA,N,RENTED HOUSE - SINGLE FAMILY,1,0,1,(415) 440-0550,micah.trujillo@hotmail.com,N,N,N,N,Y,N,NONE,N,N,Keep default.,4000,Keep default,1000,100000,N,100,5678,Mon,30.80,Patricia Ag,Redwood City
Renters,95050,Annabelle,Kelley,11/12/1990,m,2200 Monroe St,Santa Clara,CA,N,RENTED HOUSE - SINGLE FAMILY,1,0,1,(415) 587-5815,zoey@aol.com,N,N,N,N,Y,N,NONE,N,N,Keep default.,4000,Keep default,1000,100000,Y,100,1234,Mon,16.52,Martha Ag,Cupertino
Renters,95125,Addyson,Cameron,12/1/1988,m,2118 Canoas Garden Ave,San Jose,CA,N,RENTED HOUSE - SINGLE FAMILY,2 to 4,0,1,(866) 837-6172,kole@yahoo.com,N,N,N,N,Y,N,NONE,N,N,Keep default.,4000,Keep default,1000,100000,N,100,5678,Mon,33.26,Martha Ag,Mtv
Renters,95112,Mathew,Bowers,02/04/1989,m,760 N 7th St,San Jose,CA,N,RENTED HOUSE - SINGLE FAMILY,2 to 4,0,1,(510) 540-5454,micah@aol.com,N,N,N,N,Y,N,NONE,N,N,Keep default.,4000,Keep default,1000,100000,Y,100,5678,Sat,31.07,Martha Ag,Mtv
Renters,94086,Autumn,Monroe,06/06/1986,m,825 E Evelyn Ave,Sunnyvale,CA,N,RENTED HOUSE - SINGLE FAMILY,5+,0,1,(707) 361-4060,elliot@yahoo.com,N,N,N,N,Y,N,NONE,N,N,Keep default.,4000,Keep default,1000,100000,N,100,91011,Sat,35.15,Martha Ag,Redwood City
Renters,94085,Clare,Gallagher,03/08/1990,m,1257 Lakeside Dr,Sunnyvale,CA,N,RENTED HOUSE - SINGLE FAMILY,5+,0,1,(925) 283-9912,xavier@aol.com,N,N,N,N,Y,N,NONE,N,N,Keep default.,4000,Keep default,1000,100000,Y,100,1234,Tues,37.37,John Ag,Mtv
Renters,95054,Graeme,French,11/18/1989,f,550 Moreland Way,Santa Clara,CA,N,RENTED HOUSE - SINGLE FAMILY,1,0,2,(650) 591-6666,conor.evans@aol.com,N,N,N,N,Y,N,NONE,N,N,Keep default.,4000,Keep default,1000,100000,N,100,5678,Tues,41.12,Martha Ag,Cupertino
Renters,95113,Max,Roberts,07/31/1988,f,360 S Market St,San Jose,CA,N,RENTED HOUSE - SINGLE FAMILY,1,0,2,(760) 798-2632,xavier@aol.com,N,N,N,N,Y,N,NONE,N,N,Keep default.,4000,Keep default,1000,100000,Y,100,1234,Mon,37.31,John Ag,Mtv
Renters,95136,Savannah,Sherman,04/05/1990,m,3601 Copperfield Dr,San Jose,CA,N,RENTED HOUSE - SINGLE FAMILY,2 to 4,0,2,(650) 349-3200,william.cain@yahoo.com,N,N,N,N,Y,N,NONE,N,N,Keep default.,4000,Keep default,1000,100000,N,100,1234,Sat,41.12,Patricia Ag,Cupertino
Renters,95123,Josiah,Oconnor,04/05/1990,f,150 Palm Valley Blvd,San Jose,CA,N,RENTED HOUSE - SINGLE FAMILY,2 to 4,0,2,(925) 934-1117,vivienne.weber@gmail.com,N,N,N,N,Y,N,NONE,N,N,Keep default.,4000,Keep default,1000,100000,Y,100,91011,Sat,38.16,Patricia Ag,Mtv
Renters,95050,Audrey,Boyd,04/05/1990,f,1599 Warburton Ave,Santa Clara,CA,N,RENTED HOUSE - SINGLE FAMILY,5+,0,2,(650) 488-4047,elliot@yahoo.com,N,N,N,N,Y,N,NONE,N,N,Keep default.,4000,Keep default,1000,100000,N,100,91011,Tues,41.12,Patricia Ag,Cupertino
Renters,94041,Sawyer,Roth,12/1/1988,m,1600 Villa St,Mountain View,CA,N,RENTED HOUSE - SINGLE FAMILY,5+,0,2,(415) 255-2288,elliot@yahoo.com,N,N,N,N,Y,N,NONE,N,N,Keep default.,4000,Keep default,1000,100000,Y,100,1234,Mon,42.81,Martha Ag,Mtv
Renters,94086,Addison,Black,03/08/1990,m,1035 Aster Ave,Sunnyvale,CA,N,RENTED HOUSE - SINGLE FAMILY,1,0,3,(650) 756-4588,vivienne.weber@gmail.com,N,N,N,N,Y,N,NONE,N,N,Keep default.,4000,Keep default,1000,100000,N,100,1234,Sat,15.41,Martha Ag,Cupertino
Renters,94304,Ivy,Aguilar,03/03/1988,m,700 Clark Way,Palo Alto,CA,N,RENTED HOUSE - SINGLE FAMILY,1,0,3,(855) 646-0468,micah@aol.com,N,N,N,N,Y,N,NONE,N,N,Keep default.,4000,Keep default,1000,100000,Y,100,1234,Tues,40.26,Patricia Ag,Cupertino
Renters,95035,Brielle,Richardson,07/31/1988,f,440 Dixon Landing Rd,Milpitas,CA,N,RENTED HOUSE - SINGLE FAMILY,2 to 4,0,3,(415) 284-9080,elliot@yahoo.com,N,N,N,N,Y,N,NONE,N,N,Keep default.,4000,Keep default,1000,100000,N,100,91011,Mon,29.31,Martha Ag,Cupertino
Renters,95126,Luna,Adkins,07/31/1988,f,950 Meridian Ave,San Jose,CA,N,RENTED HOUSE - SINGLE FAMILY,2 to 4,0,3,(415) 578-4349,xavier@aol.com,N,N,N,N,Y,N,NONE,N,N,Keep default.,4000,Keep default,1000,100000,Y,100,5678,Tues,38.16,John Ag,Mtv
Renters,95035,Nicholas,Roth,11/12/1990,f,755 E Capitol Ave,Milpitas,CA,N,RENTED HOUSE - SINGLE FAMILY,5+,0,3,(415) 403-2247,xavier@aol.com,N,N,N,N,Y,N,NONE,N,N,Keep default.,4000,Keep default,1000,100000,N,100,5678,Sat,26.31,Martha Ag,Cupertino
Renters,94301,Charlotte,Foster,06/06/1986,m,501 Forest Ave,Palo Alto,CA,N,RENTED HOUSE - SINGLE FAMILY,5+,0,3,(408) 980-0502,micah.trujillo@hotmail.com,N,N,N,N,Y,N,NONE,N,N,Keep default.,4000,Keep default,1000,100000,Y,100,91011,Tues,31.07,Martha Ag,Redwood City
Renters,94085,Eloise,Kelley,02/04/1989,f,330 N Mathilda Ave,Sunnyvale,CA,N,RENTED HOUSE - SINGLE FAMILY,1,0,4,(650) 991-0777,conor.evans@aol.com,N,N,N,N,Y,N,NONE,N,N,Keep default.,4000,Keep default,1000,100000,N,100,1234,Sat,15.49,Martha Ag,Mtv
Renters,95020,Samuel,Schroeder,12/1/1988,f,500 Ioof Ave,Gilroy,CA,N,RENTED HOUSE - SINGLE FAMILY,1,0,4,(858) 530-2100,xavier@aol.com,N,N,N,N,Y,N,NONE,N,N,Keep default.,4000,Keep default,1000,100000,Y,100,5678,Mon,43.45,Patricia Ag,Cupertino
Renters,95112,Ethan,Pratt,11/12/1990,f,1700 N 1st St,San Jose,CA,N,RENTED HOUSE - SINGLE FAMILY,2 to 4,0,4,(831) 240-0589,adrian.reed@yahoo.com,N,N,N,N,Y,N,NONE,N,N,Keep default.,4000,Keep default,1000,100000,N,100,5678,Sat,19.08,Patricia Ag,Redwood City
Renters,95112,Evangeline,Murray,11/18/1989,m,101 E San Fernando St 100,San Jose,CA,N,RENTED HOUSE - SINGLE FAMILY,2 to 4,0,4,(760) 798-2632,vivienne.weber@gmail.com,N,N,N,N,Y,N,NONE,N,N,Keep default.,4000,Keep default,1000,100000,Y,100,5678,Tues,38.16,Martha Ag,Mtv
Renters,95129,Michael,Burnett,11/18/1989,f,355 Kiely Blvd,San Jose,CA,N,RENTED HOUSE - SINGLE FAMILY,5+,0,4,(408) 842-4457,vivienne.weber@gmail.com,N,N,N,N,Y,N,NONE,N,N,Keep default.,4000,Keep default,1000,100000,N,100,5678,Sat,20.26,John Ag,Redwood City
Renters,94040,Liam,Wheeler,11/18/1989,f,575 S Rengstorff Ave,Mountain View,CA,N,RENTED HOUSE - SINGLE FAMILY,5+,0,4,(408) 271-2600,vivienne.weber@gmail.com,N,N,N,N,Y,N,NONE,N,N,Keep default.,4000,Keep default,1000,100000,Y,100,91011,Tues,19.29,Patricia Ag,Mtv
Renters,95020,Natalie,Lewis,12/1/1988,f,500 Ioof Ave,Gilroy,CA,N,RENTED HOUSE - SINGLE FAMILY,1,0,5 or more,(415) 648-1910,conor.evans@aol.com,N,N,N,N,Y,N,NONE,N,N,Keep default.,4000,Keep default,1000,100000,N,100,91011,Mon,43.03,John Ag,Cupertino
Renters,95037,Clara,Bailey,04/05/1990,f,16945 Del Monte Ave,Morgan Hill,CA,N,RENTED HOUSE - SINGLE FAMILY,1,0,5 or more,(858) 571-0104,kole@yahoo.com,N,N,N,N,Y,N,NONE,N,N,Keep default.,4000,Keep default,1000,100000,Y,100,91011,Mon,21.23,Martha Ag,Redwood City
Renters,94041,Leo,Wood,11/12/1990,f,151 Calderon Ave,Mountain View,CA,N,RENTED HOUSE - SINGLE FAMILY,2 to 4,0,5 or more,(408) 257-1060,micah.trujillo@hotmail.com,N,N,N,N,Y,N,NONE,N,N,Keep default.,4000,Keep default,1000,100000,N,100,91011,Mon,33.52,Patricia Ag,Cupertino
Renters,94085,Elizabeth,Sandoval,05/06/1989,f,1257 Lakeside Dr,Sunnyvale,CA,N,RENTED HOUSE - SINGLE FAMILY,2 to 4,0,5 or more,(408) 736-8658,micah.trujillo@hotmail.com,N,N,N,N,Y,N,NONE,N,N,Keep default.,4000,Keep default,1000,100000,Y,100,91011,Sat,27.02,John Ag,Mtv
Renters,95126,Aria,Rodriguez,02/04/1989,f,2050 Southwest Expy 126,San Jose,CA,N,RENTED HOUSE - SINGLE FAMILY,5+,0,5 or more,(408) 549-1209,kole@yahoo.com,N,N,N,N,Y,N,NONE,N,N,Keep default.,4000,Keep default,1000,100000,N,100,5678,Sat,30.13,Martha Ag,Cupertino
Renters,94087,Benjamin,Vargas,06/06/1986,f,575 E Remington Dr,Sunnyvale,CA,N,RENTED HOUSE - SINGLE FAMILY,5+,0,5 or more,(415) 647-6922,micah@aol.com,N,N,N,N,Y,N,NONE,N,N,Keep default.,4000,Keep default,1000,100000,Y,100,5678,Sat,26.55,Martha Ag,Cupertino